급수,한자,훈,음
0,檟,가나무,가
0,哿,가할,가
0,葭,갈대 | 멀,가
0,珈,머리꾸미개,가
0,斝,옥잔,가
0,卻,물리칠,각
0,桷,서까래,각
0,蕑,난초/연밥,간
0,瞯,엿볼,간
0,玕,옥돌,간
0,榦,줄기,간
0,衎,즐길/곧을,간
0,秸,볏짚,갈
0,减,덜,감
0,歛,바랄,감
0,欿,서운할,감
0,酣,술즐길,감
0,矙,엿볼,감
0,杠,깃대,강
0,橿,참죽나무,강
0,湝,물흐를,개
0,喈,새소리/빠를,개
0,玠,큰홀,개
0,嘅,탄식할,개
0,槩,평미레,개
0,鏗,금석소리,갱
0,硜,돌소리,갱
0,秔,메벼,갱
0,賡,이을,갱
0,臄,순대,갹
0,秬,검은기장,거
0,筥,광주리,거
0,莒,나라이름,거
0,椐,느티나무,거
0,籧,대자리,거
0,袪,소매,거
0,虡,쇠북걸이틀,거
0,蘧,패랭이꽃,거
0,琚,패옥,거
0,褰,걷을,건
0,朅,떠날,걸
0,跲,엎드러질,겁
0,愒,쉴,게
0,綌,굵은갈포,격
0,鵙,왜가리,격
0,鴃,왜가리,격
0,繳,주살,격
0,狷,고집스러울,견
0,繾,곡진할,견
0,蠲,덜/정결할,견
0,豣,돼지/노루,견
0,獧,뛸,견
0,畎,밭고랑,견
0,岍,산이름,견
0,睊,흘겨볼,견
0,闋,마칠,결
0,觼,쇠고리,결
0,袺,옷섶잡을,결
0,蒹,갈대,겸
0,歉,흉년들,겸
0,惸,근심할,경
0,鶊,꾀꼬리,경
0,睘,놀라서볼,경
0,罄,다할,경
0,檠,등잔걸이,경
0,冂,멀,경
0,熲,빛날,경
0,冏,빛날,경
0,駉,살찌고큰,경
0,牼,소정강이뼈,경
0,焭,외로울,경
0,煢,외로울,경
0,黥,자자(刺字)할,경
0,褧,홑옷,경
0,雞,닭,계
0,笄,비녀,계
0,烓,화덕,계
0,刳,가를,고
0,楛,거칠,고
0,罟,그물,고
0,翶,노닐,고
0,酤,단술,고
0,槀,마른나무,고
0,熇,말릴,고
0,杲,밝을,고
0,栲,북나무,고
0,瞽,소경,고
0,觚,술잔,고
0,羖,염소,고
0,稾,원고/볏짚,고
0,盬,짠못/마실,고
0,櫜,칼집,고
0,罛,큰물고기그물,고
0,鼛,큰북,고
0,觳,곱송그릴,곡
0,轂,수레바퀴통,곡
0,牿,외양간,곡
0,緄,띠,곤
0,髡,머리깎을,곤
0,棞,문지방,곤
0,錕,붉은쇠,곤
0,鯀,큰물고기,곤
0,邛,수고할,공
0,悾,정성,공
0,蜾,나나니벌,과
0,薖,너그러울,과
0,夸,사치할/자랑할,과
0,裹,쌀,과
0,鞹,가죽,곽
0,霍,곽란,곽
0,躩,바삐갈,곽
0,祼,강신제,관
0,盥,낯씻을,관
0,痯,병에지칠,관
0,錧,비녀장,관
0,丱,쌍상투,관
0,瘝,앓을,관
0,綰,얽을,관
0,鸛,황새,관
0,聒,떠지껄일,괄
0,佸,모일,괄
0,栝,전나무,괄
0,纊,고운솜,광
0,桄,광랑나무,광
0,迋,속일,광
0,誑,속일,광
0,瑰,옥돌,괴
0,蕢,흙덩이,괴
0,虢,나라이름,괵
0,鞃,고삐,굉
0,觥,뿔잔,굉
0,儌,갈,교
0,嘐,깨물,교
0,鷮,꿩,교
0,荍,당아욱,교
0,茭,마른꼴,교
0,敽,맬,교
0,蹻,발들,교
0,曒,밝을,교
0,姣,아름다울/아양부릴,교
0,佼,예쁠/업신여길,교
0,磽,자갈땅,교
0,窶,가난할,구
0,裘,갖옷,구
0,媾,겹혼인/화친할,구
0,俅,공순할,구
0,扣,두드릴,구
0,覯,만나볼,구
0,姤,만날,구
0,遘,만날,구
0,漚,물거품,구
0,糗,미숫가루,구
0,艽,변방,구
0,韭,부추,구
0,觩,뿔굽을,구
0,劬,수고할,구
0,屨,신,구
0,搆,얽을,구
0,疚,오랜병,구
0,璆,옥경쇠,구
0,雊,장끼울,구
0,笱,통발,구
0,嫗,할미,구
0,彀,활당길,구
0,捄,흙파올릴,구
0,匊,움큼,국
0,詘,말막힐,굴
0,棬,나무그릇,권
0,睠,돌아볼,권
0,鬈,머리고울,권
0,綣,정다울,권
0,匱,갑(匣)/다할,궤
0,氿,구멍샘,궤
0,跪,꿇어앉을,궤
0,餽,먹일,궤
0,垝,무너질,궤
0,簣,삼태기,궤
0,匭,상자,궤
0,簋,제기(祭器)이름,궤
0,宄,간악할,귀
0,頄,광대뼈,규
0,騤,말건장할,규
0,頍,머리들,규
0,糺,살필,규
0,睽,어그러질/반목할,규
0,闚,엿볼,규
0,刲,찌를/벨,규
0,戣,창,규
0,樛,휠,규
0,麕,노루,균
0,箘,죽순,균
0,殛,귀양보낼,극
0,亟,빠를,극
0,襋,옷깃,극
0,郤,틈,극
0,漌,맑을,근
0,墐,묻을,근
0,岌,산높을,급
0,亙,뻗칠,긍
0,覊,굴레/나그네,기
0,羇,굴레/나그네,기
0,掎,당길,기
0,歧,두갈래길,기
0,綦,들메끈,기
0,曁,미칠,기
0,屺,민둥산,기
0,棊,바둑,기
0,暣,볕,기
0,僛,비틀거려춤출,기
0,忮,사나울,기
0,軝,수레굴통대,기
0,旂,용대기,기
0,跂,육발이/발돋움할,기
0,蘷,조심할,기
0,頎,헌걸찰,기
0,墍,흙바를,기
0,芑,흰차조,기
0,姞,삼갈,길
0,戁,두려워할,난
0,赧,부끄러울,난
0,陧,위태할,날
0,軜,고삐,납
0,曩,지난번,낭
0,迺,이에,내
0,鼐,큰솥,내
0,佞,재주있을/아첨할,녕
0,甯,차라리,녕
0,砮,돌살촉,노
0,峱,산이름,노
0,怓,어지러울,노
0,猱,원숭이,노
0,孥,자식,노
0,呶,지껄일,노
0,穠,무성할,농
0,餒,주릴,뇌
0,耨,호미,누
0,狃,익숙할,뉴
0,忸,익을,뉴
0,鈕,인꼭지,뉴
0,柅,굄목,니
0,你,너,니
0,怩,부끄러워할,니
0,昵,친할,닐
0,爹,아비,다
0,慱,근심할,단
0,煅,쇠불릴,단
0,癉,앓을,단
0,襢,웃통벗을,단
0,漙,이슬많을,단
0,闥,궐문,달
0,怛,슬플,달
0,黮,검을,담
0,窞,구덩이,담
0,耼,귓바퀴없을,담
0,菼,달,담
0,髧,머리늘어질,담
0,餤,먹을,담
0,惔,속탈,담
0,萏,연봉오리,담
0,驔,정강이흰말,담
0,儻,고상할/구차할,당
0,倘,만일,당
0,鐺,목쇠사슬,당
0,螗,씽씽매미,당
0,鏜,종고소리,당
0,譈,원망할,대
0,懟,원망할,대
0,憝,원망할/악할,대
0,祋,창,대
0,忉,근심할,도
0,慆,기뻐할,도
0,翿,깃일산,도
0,綯,노꼴,도
0,檮,등걸,도
0,闍,성문,도
0,鞉,소고,도
0,荼,씀바귀,도
0,瘏,앓을,도
0,咷,울,도
0,謟,의심할,도
0,鼗,작은북,도
0,擣,찧을,도
0,稌,찰벼,도
0,叨,탐할,도
0,櫝,궤,독
0,黷,더러울,독
0,匵,손궤,독
0,烔,뜨거울,동
0,蝀,무지개,동
0,彤,붉은칠할,동
0,罿,새그물,동
0,僮,아이종,동
0,侗,지각없을,동
0,斁,무너질,두
0,縢,노/꿰맬,등
0,螣,등사,등
0,滕,물솟아오를,등
0,蠃,나나니벌,라
0,臝,벌거벗을,라
0,雒,올빼미/표가라,락
0,闌,가로막을,란
0,瓓,옥빛,란
0,捋,뽑을/문지를,랄
0,稂,가라지/강아지풀,랑
0,倈,올/위로할,래
0,勑,위로할,래
0,騋,큰말,래
0,藘,꼭두서니,려
0,膂,등골뼈,려
0,厲,엄할/숫돌,려
0,蠡,좀먹을,려
0,酈,땅이름,력
0,櫟,떡갈나무,력
0,鬲,솥,력
0,孌,아름다울,련
0,栵,산밤나무,렬
0,蘞,거지덩굴,렴
0,蛉,고추잠자리,령
0,苓,복령(茯苓),령
0,姈,여자영리할,령
0,昤,햇빛,령
0,鱧,가물치,례
0,壚,검은흙,로
0,簵,대이름,로
0,纑,베올,로
0,彔,새길,록
0,隴,언덕,롱
0,耒,따비,뢰
0,罍,술잔,뢰
0,敹,가릴,료
0,繚,동일,료
0,潦,장마,료
0,摟,안을,루
0,纍,가둘,류
0,懰,근심할/아름다울,류
0,虆,덩굴,류
0,藟,덩굴풀,류
0,駵,월따말,류
0,罶,통발,류
0,穋,올벼,륙
0,僇,욕할,륙
0,懍,두려워할,름
0,廩,쌀곳간,름
0,詈,꾸짖을,리
0,离,도깨비/산신,리
0,纚,맬,리
0,梩,삼태기,리
0,縭,신꾸밀,리
0,俐,영리할,리
0,莅,임할,리
0,涖,임할,리
0,粼,물맑을,린
0,鄰,이웃,린
0,苙,구릿대/짐승우리,립
0,禡,마제(禡祭),마
0,藐,멀,막
0,瘼,병들,막
0,鏋,금,만
0,墁,바를,만
0,秣,말먹이,말
0,蘉,힘쓸,망
0,韎,가죽,매
0,浼,더럽힐,매
0,脢,등심,매
0,苺,딸기,매
0,痗,병들,매
0,鋂,사슬고리,매
0,霾,흙비,매
0,沬,희미할,매
0,勱,힘쓸,매
0,霢,가랑비,맥
0,貉,오랑캐,맥
0,湎,빠질,면
0,篾,대껍질,멸
0,幭,덮개,멸
0,眊,눈흐릴/늙을,모
0,耄,늙을,모
0,髦,다박머리,모
0,麰,보리,모
0,旄,털기(旗),모
0,蟊,해충,모
0,霂,가랑비,목
0,楘,수레장식,목
0,幪,덮을,몽
0,饛,밥수북히담을,몽
0,矇,소경,몽
0,濛,이슬비,몽
0,貓,고양이,묘
0,茆,띠,묘
0,眇,애꾸,묘
0,髳,다박머리,무
0,膴,두터울,무
0,儛,춤출,무
0,廡,행랑,무
0,纆,노,묵
0,炆,따뜻할,문
0,穈,붉은기장,문
0,璊,붉은옥,문
0,捫,어루만질,문
0,麋,고라니,미
0,郿,땅이름,미
0,瀰,물가득할,미
0,敉,어루만질,미
0,糜,죽,미
0,弭,활고자,미
0,亹,힘쓸,미
0,暋,강할/번민할,민
0,潣,물졸졸흐를,민
0,痻,병들,민
0,慜,총명할,민
0,黽,힘쓸,민
0,敃,힘쓸,민
0,忞,힘쓸,민
0,鉑,금박,박
0,亳,땅이름,박
0,襮,수놓은깃,박
0,鎛,호미,박
0,鞶,가죽띠,반
0,胖,살찔,반
0,軷,길제사,발
0,浡,우쩍일어날,발
0,茇,풀뿌리,발
0,雱,눈내릴,방
0,幫,도울,방
0,逄,막을,방
0,魴,방어,방
0,厖,클,방
0,桮,술잔,배
0,翻,날/뒤칠,번
0,墦,무덤,번
0,袢,속옷,번
0,蘩,흰쑥,번
0,杋,나무이름,범
0,辟,물리칠,벽
0,甓,벽돌,벽
0,釆,나눌,변
0,籩,제기이름,변
0,怲,근심할,병
0,缾,병,병
0,荓,풀이름,병
0,迸,흩어질,병
0,鴇,너새,보
0,黼,수놓은옷,보
0,濮,물이름,복
0,楅,뿔막이,복
0,鍑,솥,복
0,葍,순무,복
0,扑,칠,복
0,葑,순무,봉
0,丰,예쁠,봉
0,唪,크게웃을,봉
0,芃,풀무성할,봉
0,菶,풀우거질,봉
0,桴,대마루,부
0,罦,덮을,부
0,裒,모을,부
0,鮒,붕어,부
0,俘,사로잡을,부
0,痡,앓을,부
0,拊,어루만질,부
0,紑,옷깨끗할,부
0,鈇,작두/도끼,부
0,芣,질경이,부
0,蜉,하루살이,부
0,祔,합장할,부
0,掊,헤칠,부
0,濆,물가,분
0,豶,불깐[去勢]돼지,분
0,棼,어지러울,분
0,蕡,열매많을,분
0,苯,우거질,분
0,幩,재갈장식,분
0,饙,찐밥,분
0,鼖,큰북,분
0,枌,흰느릅나무,분
0,艴,성발끈낼,불
0,笰,수레가리개,불
0,巿,슬갑,불
0,黻,슬갑/보불,불
0,芾,슬갑/우거질,불
0,咈,어길,불
0,茀,우거질,불
0,紼,인끈,불
0,紱,인끈,불
0,秠,검은기장,비
0,騑,곁마,비
0,轡,고삐,비
0,羆,곰,비
0,紕,꾸밀,비
0,庳,낮을,비
0,霏,눈펄펄내릴,비
0,閟,닫을,비
0,篚,대광주리,비
0,埤,더할,비
0,棐,도지개,비
0,仳,떠날,비
0,鞞,마상북,비
0,貔,맹수이름,비
0,圮,무너질,비
0,淠,물이름,비
0,剕,발벨,비
0,悱,분할,비
0,岯,산겹칠,비
0,奰,장대할,비
0,腓,장딴지,비
0,痹,저릴,비
0,畀,줄,비
0,朏,초승달,비
0,俾,하여금,비
0,駓,황부루,비
0,伾,힘셀,비
0,邠,나라이름,빈
0,豳,나라이름,빈
0,蘋,마름,빈
0,擯,물리칠,빈
0,鬢,살쩍,빈
0,繽,어지러울,빈
0,璸,옥의무늬,빈
0,儐,인도할,빈
0,蠙,진주조개,빈
0,葸,겁낼,사
0,汜,늪,사
0,蓰,다섯곱,사
0,簑,도롱이,사
0,耜,따비/보습,사
0,戺,문지방,사
0,涘,물가,사
0,鯊,상어/모래무지,사
0,糸,실,사
0,笥,옷상자,사
0,榭,정자/사당,사
0,蹝,천천히걸을,사
0,傞,취한춤,사
0,鑠,쇠녹일,삭
0,潸,눈물줄줄흘릴,산
0,歃,마실,삽
0,塽,높고밝은땅,상
0,殤,어려서죽을,상
0,顙,이마,상
0,鱨,자가사리/날치,상
0,眚,재앙,생
0,癙,근심병,서
0,紓,늘어질,서
0,澨,물가,서
0,婿,사위,서
0,諝,슬기,서
0,噬,씹을,서
0,藇,아름다울,서
0,鱮,연어,서
0,湑,이슬맺힐,서
0,鉐,놋쇠,석
0,鼫,다람쥐,석
0,裼,벗어맬,석
0,舃,신,석
0,螫,쏠,석
0,腊,육포,석
0,僎,갖출,선
0,愃,상쾌할,선
0,珗,옥돌,선
0,墠,제터,선
0,毨,털갈,선
0,墡,흰흙,선
0,紲,고삐,설
0,挈,끌,설
0,偰,맑을,설
0,絏,맬,설
0,暬,설만할,설
0,憸,아첨할,섬
0,韘,깍지,섭
0,騂,붉은소,성
0,娍,아름다울,성
0,瑆,옥빛,성
0,帨,수건,세
0,蛸,갈거미,소
0,蠨,갈거미,소
0,艘,고물(船尾),소
0,繅,고치켤,소
0,柖,나무흔들릴,소
0,翛,날개소리,소
0,慅,소란스러울,소
0,埽,쓸,소
0,玿,아름다운옥,소
0,愫,정성,소
0,霄,하늘,소
0,愬,하소연할,소
0,觫,곱송그릴,속
0,餗,삶은나물,속
0,藚,쇠귀나물,속
0,樕,참나무,속
0,蔌,푸성귀,속
0,飱,저녁밥,손
0,飧,저녁밥/물만밥,손
0,蟀,귀뚜라미,솔
0,竦,공경할/두려울,송
0,洒,뿌릴,쇄
0,瑣,옥가루,쇄
0,繻,고운비단,수
0,叟,늙은이,수
0,濉,물이름,수
0,魗,미워할,수
0,睟,바로볼,수
0,穟,벼이삭,수
0,檖,산배,수
0,豎,세울,수
0,瞍,소경,수
0,廋,숨길,수
0,殳,창,수
0,售,팔,수
0,橚,무성할,숙
0,俶,비롯할,숙
0,肫,광대뼈,순
0,郇,나라이름,순
0,鶉,메추리,순
0,漘,물가,순
0,犉,입술검은누렁소,순
0,璱,아름다운옥,슬
0,熠,빛날,습
0,隰,진펄,습
0,諟,다스릴,시
0,鳲,뻐꾸기,시
0,啻,뿐,시
0,枲,수삼,시
0,釃,술거를,시
0,緦,시마(緦麻),시
0,兕,외뿔소,시
0,塒,홰,시
0,偲,힘쓸,시
0,栻,점치는판,식
0,贐,노자,신
0,駪,많을,신
0,甡,수두룩할,신
0,璶,옥돌,신
0,哂,웃을,신
0,矧,하물며,신
0,蟋,귀뚜라미,실
0,諗,고할,심
0,葚,오디,심
0,迓,맞을,아
0,咢,깜짝놀랄,악
0,鴈,기러기,안
0,犴,들개/옥(獄),안
0,訐,들추어낼,알
0,遏,막을,알
0,歹,뼈앙상할,알
0,揠,뽑을,알
0,戛,창/어근버근할,알
0,頞,콧대,알
0,黯,검을,암
0,鞅,가슴걸이,앙
0,卬,나,앙
0,盎,동이,앙
0,泱,물깊고넓을,앙
0,餲,밥쉴,애
0,僾,비슷할/돋보기,애
0,藹,초목우거질,애
0,阨,막힐,액
0,頟,이마,액
0,戹,좁을,액
0,嚶,꾀꼬리소리,앵
0,瀹,데칠/지질,약
0,禴,봄제사,약
0,籥,피리,약
0,饟,건량,양
0,颺,날릴,양
0,鍚,말이마치장,양
0,漾,물출렁거릴,양
0,昜,볕,양
0,瀼,이슬많은모양,양
0,圉,마부,어
0,敔,막을,어
0,饇,배부를,어
0,飫,배부를,어
0,嶷,숙성할,억
0,鰋,메기,언
0,唁,위문할,언
0,臬,문지방,얼
0,孽,서자,얼
0,臲,위태할,얼
0,揜,가릴,엄
0,閹,고자/내시,엄
0,渰,구름일,엄
0,鸒,갈까마귀,여
0,旟,기,여
0,洳,물이름/축축할,여
0,畬,세해된밭,여
0,鶂,거위소리,역
0,懌,기뻐할,역
0,棫,두릅나무,역
0,閾,문지방,역
0,罭,물고기그물,역
0,淢,빨리흐를,역
0,嶧,산이름,역
0,埸,지경/밭두둑,역
0,鷊,칠면조,역
0,晹,햇살약할,역
0,緎,혼솔,역
0,兗,땅이름,연
0,蜎,벌레꿈틀거릴,연
0,悁,성낼,연
0,掾,아전,연
0,醼,잔치,연
0,噎,목멜,열
0,艷,고울,염
0,冉,나아갈,염
0,焱,불꽃,염
0,燄,불당길,염
0,檿,산뽕나무,염
0,饜,싫을/배부를,염
0,饁,들밥먹일,엽
0,爗,빛날,엽
0,嬴,가득할,영
0,贏,남을,영
0,郢,땅이름,영
0,縈,얽힐,영
0,咏,읊을,영
0,攖,찌를/가까이할,영
0,翳,가릴,예
0,鷖,갈매기,예
0,蕊,꽃술,예
0,橤,드리울,예
0,輗,멍에막이,예
0,蚋,모기,예
0,瘞,묻을,예
0,羿,사람이름,예
0,麑,사슴새끼,예
0,堄,성가퀴,예
0,勩,수고로울,예
0,蓺,심을,예
0,睨,흘겨볼,예
0,隩,감출,오
0,奡,거만할,오
0,忤,거스를,오
0,汙,더러울,오
0,嗸,시끄러울,오
0,珸,아름다운돌,오
0,杇,흙손,오
0,鋈,도금할,옥
0,韞,감출,온
0,慍,성낼,온
0,醞,술빚을,온
0,昷,온화할,온
0,媼,할미,온
0,杌,가지없는나무/위태로울,올
0,扤,움직일,올
0,卼,위태할,올
0,廱,막힐,옹
0,灉,물이름,옹
0,顒,우러를,옹
0,雝,화할/할미새,옹
0,吪,움직일,와
0,盌,주발,완
0,婠,품성좋을,완
0,垸,회섞어바를,완
0,騧,공골말,왜
0,徭,구실,요
0,徼,구할,요
0,蕘,나무할,요
0,喓,벌레소리,요
0,葽,아기풀,요
0,鷕,암꿩이울,요
0,殀,일찍죽을,요
0,鄘,나라이름,용
0,踴,뛸,용
0,宂,일없을/번잡할,용
0,耰,고무래,우
0,懮,근심할,우
0,楀,나무이름,우
0,盱,눈부릅뜰,우
0,堣,땅이름,우
0,噳,떼지을/웃는모양,우
0,訏,속일,우
0,麌,수사슴/떼지어모일,우
0,麀,암사슴,우
0,耦,짝,우
0,俁,클,우
0,吁,탄식할,우
0,訧,허물,우
0,踽,홀로걸을,우
0,燠,더울,욱
0,薁,머루,욱
0,稢,서직무성할,욱
0,勗,힘쓸,욱
0,沄,물콸콸흐를,운
0,篔,왕대,운
0,菀,무성할,울
0,騵,붉은말,원
0,黿,큰자라,원
0,軏,멍에막이,월
0,刖,발꿈치벨,월
0,闈,대궐안작은문,위
0,韡,밝고성한모양,위
0,煒,빛날,위
0,藯,익모초,위
0,喟,한숨쉴,위
0,莠,가라지,유
0,輶,가벼운수레,유
0,緌,갓끈,유
0,黝,검푸를,유
0,秞,곡식무성할,유
0,牖,깨우칠/창,유
0,囿,동산,유
0,濰,물이름,유
0,滺,물흐르는모양,유
0,龥,부르짖을,유
0,籲,부르짖을,유
0,呦,사슴울,유
0,楰,산유자나무,유
0,鮪,상어,유
0,醹,술맛진할,유
0,卣,술통,유
0,褎,옷잘입을/나아갈,유
0,羑,인도할,유
0,窬,판장문,유
0,曘,햇빛,유
0,槱,화톳불놓을,유
0,帷,휘장/장막,유
0,揉,휠,유
0,阭,높을,윤
0,狁,오랑캐이름,윤
0,繘,두레박줄,율
0,汩,물흐를,율
0,鴥,빨리날,율
0,驈,샅흰검은말,율
0,檼,마룻대/도지개,은
0,憖,물을/원할,은
0,溵,물이름,은
0,嚚,어리석을,은
0,訔,언쟁할,은
0,挹,뜰/읍할,읍
0,浥,젖을,읍
0,饐,밥쉴,의
0,扆,병풍,의
0,猗,불깐개,의
0,薿,우거질,의
0,劓,코벨,의
0,桋,가시목,이
0,刵,귀벨,이
0,异,그만둘,이
0,杝,나무이름,이
0,迤,든든할,이
0,彝,떳떳할,이
0,樲,멧대추나무,이
0,訑,자랑할,이
0,詒,줄,이
0,苢,질경이,이
0,洟,콧물,이
0,頤,턱,이
0,弋,주살,익
0,牣,가득할,인
0,夤,공손할,인
0,仞,길,인
0,陻,막을/막힐,인
0,訒,말더듬거릴,인
0,軔,바퀴고임나무,인
0,闉,성문,인
0,禋,제사지낼,인
0,駰,회색얼룩말,인
0,泆,음탕할/넘칠,일
0,袵,옷깃,임
0,衽,옷깃,임
0,陾,담쌓는소리,잉
0,胾,고깃점,자
0,柘,메뽕나무,자
0,胏,밥찌끼,자
0,耔,북돋울,자
0,赭,붉은흙,자
0,孶,새끼칠,자
0,粢,서직/젯밥,자
0,鼒,옹솥,자
0,貲,재물,자
0,秭,천억,자
0,茲,초목무성할,자
0,鎡,호미,자
0,訿,훼방할/헐뜯을,자
0,訾,훼방할/헐뜯을,자
0,柞,떡갈나무,작
0,僝,갖출/욕할,잔
0,斨,도끼,장
0,漳,물이름,장
0,萇,보리수,장
0,牂,암양,장
0,粻,양식,장
0,鏘,옥소리,장
0,戕,찌를,장
0,奘,클,장
0,賫,가질,재
0,纔,겨우,재
0,灾,재앙,재
0,氐,근본,저
0,砠,돌산,저
0,杼,북(織具),저
0,羜,새끼양,저
0,羝,숫양,저
0,疷,앓을,저
0,苴,암삼,저
0,筯,젓가락,저
0,罝,짐승그물,저
0,籊,가늘고길,적
0,趯,뛸,적
0,逖,멀,적
0,覿,볼,적
0,糴,쌀사들일,적
0,踖,조심해서걸을/밟을,적
0,旃,기(旗),전
0,戩,다할,전
0,腆,두터울,전
0,邅,머뭇거릴,전
0,瀍,물이름,전
0,靦,부끄러울,전
0,畋,사냥할,전
0,巓,산꼭대기,전
0,闐,성할,전
0,瘨,앓을,전
0,顓,오로지,전
0,翦,자를,전
0,鱣,전어,전
0,飦,죽,전
0,荃,향초,전
0,牷,희생,전
0,晢,밝을,절
0,晣,밝을,절
0,簟,대자리,점
0,墊,빠질,점
0,玷,옥티,점
0,坫,잔돌려놓는자리,점
0,靚,단장할,정
0,梃,몽둥이,정
0,棖,문설주,정
0,涏,물결곧을,정
0,赬,붉을,정
0,酲,숙취,정
0,珵,옥이름,정
0,裎,옷벗을,정
0,鋥,칼날세울,정
0,桯,탁자,정
0,阱,함정,정
0,稊,가라지,제
0,蠐,굼벵이,제
0,隄,둑/막을,제
0,嚌,맛볼,제
0,泲,물이름,제
0,穧,볏단,제
0,鵜,사다새,제
0,懠,성낼,제
0,隮,오를,제
0,躋,오를,제
0,瑅,옥이름,제
0,娣,제수,제
0,禔,편안할,제
0,罩,가리,조
0,徂,갈,조
0,皂,검을/하인,조
0,皁,검을/하인,조
0,佻,경박할,조
0,恌,경박할,조
0,鞗,고삐,조
0,螬,굼벵이,조
0,懆,근심할,조
0,旐,기,조
0,蔦,담쟁이덩굴,조
0,慥,독실할,조
0,阼,동편섬돌,조
0,蜩,매미,조
0,竈,부엌,조
0,蓧,삼태기,조
0,洮,씻을,조
0,鼂,아침,조
0,殂,죽을,조
0,鰷,피라미,조
0,豵,돼지새끼,종
0,螽,메뚜기,종
0,鬷,모일,종
0,尰,수중다리,종
0,蹤,자취,종
0,樅,전나무,종
0,椶,종려나무,종
0,瑽,패옥소리,종
0,脞,잗달,좌
0,侜,가릴,주
0,遒,굳셀,주
0,邾,나라이름,주
0,馵,뒷발이흰말,주
0,燽,드러날,주
0,躕,머뭇거릴,주
0,咮,새부리,주
0,譸,속일,주
0,輈,수레채,주
0,霔,시우,주
0,妵,여자예쁜모양,주
0,裯,홑이불,주
0,幬,휘장,주
0,鬻,죽,죽
0,蹲,걸어앉을,준
0,埻,과녁,준
0,隼,새매,준
0,鱒,송어,준
0,噂,수군거릴,준
0,崒,산높을,줄
0,騭,수말,즐
0,戢,거둘,즙
0,濈,화목할,즙
0,璔,옥(玉),증
0,蚳,개미알,지
0,踟,머뭇거릴,지
0,坻,모래섬,지
0,鋕,새길,지
0,輊,수레숙어질,지
0,篪,저[笛],지
0,瑱,귀막이옥,진
0,禛,복받을,진
0,紾,비틀/거칠,진
0,鬒,숱많고검을,진
0,螓,쓰르라미,진
0,蓁,우거질,진
0,垤,개밋둑,질
0,蒺,남가새,질
0,耋,늙을,질
0,挃,벼벨,질
0,瓞,북치,질
0,絰,요질/수질,질
0,礩,주춧돌,질
0,銍,짧은낫,질
0,佽,도울,차
0,泚,물맑을,차
0,瑳,옥빛,차
0,佌,작을,차
0,斲,깎을,착
0,斮,벨,착
0,巑,높이솟을,찬
0,湌,먹을,찬
0,爨,불땔,찬
0,扎,뽑을,찰
0,憯,마음아플,참
0,毚,약은토끼,참
0,譖,참소할,참
0,搶,빼앗을,창
0,悵,슬플,창
0,瑲,옥소리,창
0,鶬,왜가리/꾀꼬리,창
0,窗,창,창
0,蹌,추창할,창
0,鬯,향풀,창
0,韔,활집,창
0,蠆,벌(蜂)/전갈,채
0,瘥,병나을,채
0,瘵,허로병,채
0,簀,살평상,책
0,萋,풀성할,처
0,慼,근심할,척
0,惕,두려워할,척
0,蹢,머뭇거릴,척
0,跖,발바닥,척
0,蹐,잔걸음,척
0,坧,터,척
0,梴,나무밋밋할,천
0,遄,빠를,천
0,倩,아름다울,천
0,俴,엷을,천
0,幝,해진모양,천
0,驖,구렁말,철
0,惙,근심할,철
0,歠,마실,철
0,掇,주울,철
0,啜,훌쩍거릴,철
0,襜,수레휘장,첨
0,覘,엿볼,첨
0,忝,욕될,첨
0,餂,핥을,첨
0,遆,갈마들,체
0,疐,꼭지,체
0,掣,끌,체
0,杕,나무우뚝설,체
0,彘,돼지,체
0,髢,딴머리,체
0,蝃,무지개,체
0,揥,빗치개,체
0,棣,산앵두나무,체
0,嚔,재채기할,체
0,禘,큰제사,체
0,悄,근심할,초
0,誚,꾸짖을,초
0,譙,꾸짖을,초
0,勦,노곤할,초
0,蠋,뽕나무벌레,촉
0,躅,자취,촉
0,潨,물모일,총
0,冢,클/무덤,총
0,摧,꺾을,최
0,凗,눈서리쌓일,최
0,嘬,물(齧),최
0,麤,거칠,추
0,鄹,나라이름,추
0,蝤,나무굼벵이,추
0,棸,나무이름,추
0,鶖,무수리,추
0,瘳,병나을,추
0,鵻,비둘기,추
0,緅,아청빛,추
0,甃,우물벽돌,추
0,萑,익모초,추
0,縐,주름,추
0,騅,푸르고흰얼룩말,추
0,妯,동서,축
0,踧,삼갈,축
0,柷,악기이름,축
0,蹜,종종걸음칠,축
0,顣,찡그릴,축
0,蓫,참소리쟁이,축
0,賰,넉넉할,춘
0,杶,참죽나무,춘
0,怵,두려울,출
0,珫,귀막이,충
0,忡,근심할,충
0,虫,벌레,충
0,惴,두려워할,췌
0,瘁,병들,췌
0,揣,헤아릴,췌
0,毳,솜털,취
0,廁,뒷간,측
0,昃,해기울,측
0,絺,가는칡베,치
0,寘,둘,치
0,菑,묵정밭,치
0,懫,성낼,치
0,懥,성낼,치
0,鴟,솔개,치
0,觶,술잔,치
0,庤,쌓을,치
0,褫,옷벗길/빼앗을,치
0,哆,입벌릴,치
0,駸,말달릴,침
0,綅,붉은실,침
0,寑,잘,침
0,忱,정성,침
0,縶,말맬,칩
0,夬,괘이름/결단할,쾌
0,噲,목구멍,쾌
0,它,다를,타
0,鮀,모래무지,타
0,沱,물이름/눈물흐를,타
0,嶞,산좁고길,타
0,鼉,자라/악어,타
0,佗,짊어질/다를,타
0,紽,타래,타
0,蘀,낙엽,탁
0,橐,전대,탁
0,椓,칠,탁
0,殫,다할,탄
0,僤,빠를,탄
0,驒,연전총(連錢驄),탄
0,疃,짐승발자국/마을,탄
0,嘽,헐떡거릴,탄
0,梲,막대기,탈
0,嗿,먹는소리/많을,탐
0,醓,육장,탐
0,漯,물이모이는모양,탑
0,蝪,땅거미,탕
0,盪,씻을,탕
0,簜,왕대,탕
0,駾,말빨리달릴,태
0,迨,미칠,태
0,噋,느릿할,톤
0,啍,느릿할,톤
0,噸,무게단위,톤
0,畽,염우없을,톤
0,瓲,톤,톤
0,恫,슬플,통
0,隤,무너질,퇴
0,蓷,익모초,퇴
0,魋,짐승이름,퇴
0,渝,변할,투
0,忒,변할,특
0,簸,까부를,파
0,皤,머리흴,파
0,嶓,산이름,파
0,豝,암퇘지,파
0,昄,클,판
0,旆,기(旗),패
0,孛,살별,패
0,粺,정미(精米),패
0,茷,풀잎무성할,패
0,伻,심부름꾼,팽
0,祊,제사이름,팽
0,諞,교묘히말할,편
0,徧,두루,편
0,褊,옷좁을,편
0,苹,다북쑥,평
0,敝,해질,폐
0,麃,고라니,포
0,炰,구울,포
0,襃,기릴,포
0,炮,싸서구울,포
0,餔,저녁밥,포
0,殍,굶어죽을,표
0,瀌,눈비퍼부을,표
0,儦,떼지어다닐,표
0,滮,물흐르는모양,표
0,嘌,빠를,표
0,鑣,재갈,표
0,摽,칠,표
0,飆,폭풍,표
0,灃,강이름,풍
0,豐,풍년,풍
0,詖,치우칠,피
0,駜,말살찔,필
0,怭,설만할,필
0,鞸,슬갑,필
0,飶,음식의향기,필
0,佖,점잖을/가득할,필
0,鉍,창자루,필
0,觱,피리/쌀쌀할,필
0,偪,핍박할,핍
0,呀,입벌릴,하
0,騢,적부루마,하
0,芐,지황,하
0,嘏,클,하
0,菏,풀이름/늪이름,하
0,翯,함치르르할,학
0,僩,너그러울/노할,한
0,暵,마를/말릴,한
0,熯,마를/말릴,한
0,扞,막을,한
0,哻,코고는소리,한
0,舝,비녀장,할
0,劼,삼갈,할
0,鬫,범우는소리,함
0,菡,연꽃봉오리,함
0,諴,화할,함
0,盍,덮을,합
0,嗑,입다물,합
0,柙,짐승우리,합
0,頏,새날아내릴/목구멍,항
0,陔,섬돌,해
0,醢,젓,해
0,覈,핵실할,핵
0,悻,발끈성낼,행
0,栩,상수리나무,허
0,巘,산봉우리,헌
0,獫,오랑캐이름,험
0,玁,오랑캐이름,험
0,侐,고요할,혁
0,虩,두려워할,혁
0,焃,붉을,혁
0,洫,빌[虛]/넘칠,혁
0,衋,애통해할,혁
0,駽,검푸른말,현
0,鞙,멍에끈,현
0,莧,비름,현
0,嬛,산뜻할,현
0,儇,영리할,현
0,怰,팔,현
0,昡,햇빛,현
0,絜,잴,혈
0,恊,맞을,협
0,冾,젖을,협
0,徯,기다릴,혜
0,傒,기다릴/가둘,혜
0,盻,눈흘길,혜
0,嘒,반짝거릴,혜
0,憓,사랑할,혜
0,譓,슬기로울,혜
0,薅,김맬,호
0,怙,믿을,호
0,皥,밝을,호
0,嘑,부르짖을,호
0,皜,흴,호
0,惛,흐릴,혼
0,洚,물넘칠,홍
0,鉷,쇠뇌,홍
0,鬨,싸움소리,홍
0,矍,두리번거릴,확
0,雘,붉을/진사(辰沙),확
0,鐶,고리,환
0,豢,기를,환
0,懽,기뻐할,환
0,逭,도망할,환
0,圜,두를,환
0,鍰,무게단위/고리,환
0,睆,밝을,환
0,芄,왕골,환
0,濶,넓을,활
0,媓,어머니,황
0,喤,울음소리,황
0,堭,해자,황
0,洄,거슬러흐를/돌아흐를,회
0,頮,낯씻을,회
0,薈,초목무성할,회
0,擭,잡을,획
0,嘵,두려워할,효
0,囂,들렐,효
0,虓,범울부짖을,효
0,効,본받을,효
0,傚,본받을,효
0,鴞,부엉이/올빼미,효
0,殽,섞일/안주,효
0,餱,건량,후
0,詡,자랑할,후
0,酗,주정할,후
0,鍭,화살촉,후
0,鑂,금빛바랠,훈
0,纁,분홍빛,훈
0,貆,담비새끼,훤
0,諼,속일/잊을,훤
0,咺,울,훤
0,諠,지껄일/잊을,훤
0,虺,독사/작은뱀,훼
0,翬,날개훨훨칠/꿩,휘
0,攜,끌,휴
0,睢,부릅떠볼,휴
0,觿,뿔송곳,휴
0,咻,지껄일,휴
0,遹,좇을/간사할,휼
0,訩,흉악할/다툴,흉
0,忻,기뻐할,흔
0,釁,틈,흔
0,汔,거의,흘
0,仡,날랠,흘
0,齕,씹을/깨물,흘
0,迄,이를,흘
0,潝,물빨리흐를,흡
0,橲,나무이름,희
0,豨,돼지,희
0,餼,보낼,희
0,爔,불,희
0,咥,웃을,희
0,饎,주식,희
0,嘻,탄식하는소리/화락할,희
0,襭,옷자락에꽂을,힐
2,茄,가지,가
2,訶,꾸짖을,가
2,珂,옥이름,가
2,跏,책상다리할,가
2,枷,칼/도리깨,가
2,痂,헌데딱지,가
2,慤,정성/삼갈,각
2,柬,가릴,간
2,侃,강직할,간
2,桿,막대,간
2,稈,볏짚,간
2,磵,시내[澗],간
2,乫,땅이름,갈
2,碣,비석,갈
2,曷,어찌,갈
2,蝎,전갈,갈
2,橄,감람나무,감
2,龕,감실,감
2,鑒,거울[鑑],감
2,坎,구덩이,감
2,嵌,끼울,감
2,戡,이길,감
2,胛,어깻죽지,갑
2,强,강할[強],강
2,堈,독,강
2,舡,배,강
2,鱇,아귀,강
2,羌,오랑캐,강
2,畺,지경[疆],강
2,絳,짙게붉을,강
2,襁,포대기,강
2,鎧,갑옷,개
2,盖,덮을[蓋],개
2,疥,옴,개
2,愷,즐거울,개
2,喀,토할,객
2,粳,메벼,갱
2,踞,걸어앉을,거
2,遽,급할,거
2,祛,떨어없앨,거
2,据,일할/의거할,거
2,鋸,톱,거
2,鉅,톱/클,거
2,炬,횃불,거
2,楗,문빗장,건
2,騫,이지러질,건
2,蹇,절,건
2,愆,허물,건
2,黔,검을,검
2,瞼,눈시울,검
2,鈐,자물쇠,검
2,劒,칼,검
2,迲,자래[單位],겁
2,抉,도려낼,결
2,鎌,낫,겸
2,慊,앙심먹을,겸
2,箝,재갈,겸
2,鉗,집게,겸
2,倞,굳셀,경
2,勍,굳셀,경
2,逕,길,경
2,絅,당길/홑옷,경
2,坰,들[野],경
2,涇,물이름,경
2,擎,받들,경
2,暻,밝을,경
2,耿,빛날,경
2,璥,옥이름,경
2,俓,지름길[徑],경
2,誡,경계할,계
2,稽,머무를,계
2,磎,시내,계
2,谿,시내,계
2,屆,이를[至],계
2,棨,중계[壁柱],계
2,堺,지경[界],계
2,誥,깨우칠,고
2,尻,꽁무니,고
2,蠱,독벌레/고혹할,고
2,槁,마를,고
2,暠,밝을,고
2,睾,불알,고
2,沽,살/팔,고
2,攷,상고할[考],고
2,羔,새끼양,고
2,苽,줄,고
2,菰,줄풀,고
2,藁,짚,고
2,斛,휘,곡
2,鯤,곤어,곤
2,滾,넘쳐흐를,곤
2,梱,문지방,곤
2,崑,산이름,곤
2,琨,옥돌,곤
2,控,당길,공
2,蚣,지네,공
2,珙,큰옥,공
2,跨,넘을,과
2,鍋,노구솥,과
2,梡,도마,관
2,罐,물동이,관
2,瓘,옥,관
2,菅,왕골,관
2,恝,괄시할,괄
2,适,빠를,괄
2,筐,광주리,광
2,洸,물솟을,광
2,炚,빛날,광
2,侊,성할,광
2,珖,옥피리,광
2,紘,벼리,굉
2,餃,교자,교
2,蕎,메밀,교
2,嶠,산길,교
2,鮫,상어,교
2,翹,우뚝할,교
2,勾,굽을,구
2,絿,급할,구
2,銶,끌,구
2,柾,널[柩],구
2,瞿,놀랄,구
2,耈,늙은이,구
2,廐,마구간[廏],구
2,坵,언덕[丘],구
2,毬,제기/공,구
2,逑,짝,구
2,咎,허물,구
2,鞫,국문할,국
2,麴,누룩,국
2,裙,치마,군
2,堀,팔,굴
2,芎,궁궁이,궁
2,淃,돌아흐를,권
2,蕨,고사리,궐
2,獗,날뛸,궐
2,饋,먹일,궤
2,晷,해그림자,귀
2,竅,구멍,규
2,槻,물푸레나무,규
2,赳,헌걸찰,규
2,勻,고를,균
2,筠,대껍질,균
2,鈞,무거울,균
2,畇,밭일굴,균
2,芹,미나리,근
2,菫,씀바귀,근
2,懃,은근할,근
2,劤,힘셀,근
2,檎,능금,금
2,昑,밝을,금
2,衿,옷깃,금
2,妗,외숙모,금
2,芩,풀이름,금
2,伋,생각할,급
2,埼,갑,기
2,圻,경기(京畿),기
2,祺,길할,기
2,碁,바둑,기
2,耭,밭갈,기
2,錡,세발가마,기
2,磯,여울돌,기
2,夔,조심할,기
2,饑,주릴,기
2,祇,지신,기
2,祁,클,기
2,玘,패옥,기
2,璂,피변옥,기
2,錤,호미,기
2,桔,도라지,길
2,佶,바를,길
2,娜,아리따울,나
2,楠,녹나무,남
2,枏,녹나무,남
2,湳,물이름,남
2,柰,사과/어찌,내
2,秊,해[年],년
2,捻,비틀,념
2,拈,집을,념
2,恬,편안할,념
2,獰,사나울,녕
2,寗,차라리,녕
2,瑙,마노,노
2,鬧,지껄일,뇨
2,嫩,어릴,눈
2,杻,싸리,뉴
2,袒,옷벗어멜,단
2,亶,진실로,단
2,彖,판단할,단
2,鄲,한단,단
2,澾,미끄러울,달
2,獺,수달,달
2,聃,귓바퀴없을,담
2,覃,깊을,담
2,坍,무너질,담
2,啖,씹을,담
2,湛,즐길,담
2,蕁,지모,담
2,錟,창,담
2,沓,겹칠,답
2,幢,기,당
2,戇,어리석을,당
2,黛,눈썹그릴,대
2,玳,대모(玳瑁),대
2,坮,돈대,대
2,岱,산이름,대
2,韜,감출,도
2,棹,노,도
2,覩,볼,도
2,櫂,상앗대,도
2,嶋,섬,도
2,纛,둑[儀仗旗],독
2,犢,송아지,독
2,牘,편지,독
2,遯,도망할,돈
2,墩,돈대,돈
2,旽,밝을,돈
2,焞,어스름할,돈
2,暾,해돋을,돈
2,潼,물이름,동
2,仝,한가지[同],동
2,竇,구멍,두
2,逗,머무를,두
2,枓,주두,두
2,荳,팥,두
2,芚,싹돋을,둔
2,嶝,고개,등
2,喇,나팔,라
2,蘿,담쟁이,라
2,珞,구슬,락
2,欒,단란할,란
2,欖,감람나무,람
2,襤,남루할,람
2,纜,닻줄,람
2,嵐,아지랑이,람
2,攬,잡을,람
2,擥,잡을[攬],람
2,瑯,법랑,랑
2,螂,사마귀,랑
2,琅,옥소리,랑
2,崍,산이름,래
2,徠,올,래
2,凉,서늘할[涼],량
2,粮,양식,량
2,蠣,굴,려
2,驢,나귀,려
2,藜,명아주,려
2,犁,쟁기,려
2,櫚,종려나무,려
2,儷,짝,려
2,靂,벼락,력
2,轢,차에치일/삐걱거릴,력
2,攣,손발굽을,련
2,璉,호련,련
2,洌,맑을,렬
2,冽,찰,렬
2,翎,깃,령
2,笭,다래끼,령
2,聆,들을,령
2,岺,산깊을,령
2,伶,악공/영리할,령
2,怜,영리할,령
2,羚,영양,령
2,澧,물이름,례
2,鹵,개펄,로
2,櫓,노/방패,로
2,瀘,물이름,로
2,潞,물이름,로
2,輅,수레,로
2,菉,조개풀,록
2,朧,몽롱할,롱
2,瀧,젖을,롱
2,瀨,여울,뢰
2,賚,줄[賜],뢰
2,廖,공허할,료
2,蓼,여뀌,료
2,婁,끌,루
2,褸,남루할,루
2,蔞,물쑥,루
2,瘻,부스럼,루
2,鏤,새길,루
2,縷,실오리,루
2,旒,깃발,류
2,瀏,맑을,류
2,榴,석류,류
2,瑠,유리,류
2,侖,산이름/차례,륜
2,厘,다스릴[釐],리
2,莉,말리,리
2,狸,삵,리
2,唎,소리,리
2,羸,야윌,리
2,璃,유리,리
2,鯉,잉어,리
2,浬,해리,리
2,藺,골풀,린
2,潾,맑을,린
2,璘,옥빛,린
2,琳,아름다운옥,림
2,霖,장마,림
2,砬,돌소리,립
2,碼,마노,마
2,瑪,마노,마
2,邈,멀,막
2,曼,길[長],만
2,巒,멧부리,만
2,万,일만[萬],만
2,唜,끝,말
2,茉,말리,말
2,輞,바퀴테,망
2,邙,북망산,망
2,莽,풀,망
2,驀,뛰어넘을,맥
2,陌,밭두둑길,맥
2,氓,백성,맹
2,冪,덮을,멱
2,麵,국수[麪],면
2,瞑,눈감을,명
2,蓂,명협,명
2,茗,차싹,명
2,椧,홈통,명
2,芼,나물,모
2,眸,눈동자,모
2,瑁,대모,모
2,摹,모뜰,모
2,姆,여스승,모
2,鶩,집오리,목
2,朦,몽롱할,몽
2,錨,닻,묘
2,竗,묘할[妙],묘
2,楙,모과나무,무
2,鵡,앵무새,무
2,繆,얽을,무
2,无,없을[無],무
2,珷,옥돌,무
2,懋,힘쓸,무
2,雯,구름무늬,문
2,刎,목자를,문
2,們,무리,문
2,吻,입술,문
2,沕,아득할,물
2,黴,기미낄,미
2,梶,나무끝,미
2,湄,물가,미
2,渼,물놀이,미
2,嵋,산이름,미
2,謎,수수께끼,미
2,楣,인중방,미
2,緡,돈꿰미,민
2,泯,빠질,민
2,岷,산이름,민
2,愍,슬퍼할,민
2,璞,옥덩어리,박
2,雹,우박,박
2,磐,너럭바위,반
2,盼,눈예쁠,반
2,泮,얼음풀릴/학교,반
2,瘢,흉터,반
2,磅,돌떨어지는소리,방
2,滂,비퍼부을,방
2,舫,쌍배,방
2,蒡,우엉,방
2,蚌,조개,방
2,褙,배자,배
2,焙,불쬘,배
2,裴,성[裵],배
2,盃,잔[杯],배
2,佰,우두머리,백
2,栢,측백[柏],백
2,燔,구울,번
2,幡,기,번
2,樊,울,번
2,琺,법랑,법
2,霹,벼락,벽
2,蘗,황경나무,벽
2,檗,황벽나무,벽
2,騈,쌍말,변
2,鱉,자라[鼈],별
2,輧,수레,병
2,幷,아우를,병
2,棅,자루[柄],병
2,珤,보배[寶],보
2,湺,사람이름,보
2,褓,포대기,보
2,蔔,무,복
2,輹,바퀴통,복
2,茯,복령,복
2,宓,성(姓),복
2,乶,땅이름,볼
2,熢,내자옥할,봉
2,峰,멧부리,봉
2,琫,칼장식,봉
2,趺,가부좌할,부
2,莩,갈청,부
2,艀,거룻배,부
2,溥,넓을,부
2,鳧,물오리,부
2,孚,믿을,부
2,缶,장군,부
2,汾,물이름,분
2,賁,클,분
2,昐,햇빛,분
2,毗,도울,비
2,榧,비자나무,비
2,枇,비파나무,비
2,秘,숨길[祕],비
2,斐,아롱질,비
2,菲,엷을,비
2,粃,쭉정이,비
2,浜,물가,빈
2,檳,빈랑나무,빈
2,斌,빛날,빈
2,牝,암컷,빈
2,玭,진주,빈
2,騁,달릴,빙
2,裟,가사(袈裟),사
2,俟,기다릴,사
2,砂,모래,사
2,肆,방자할/베풀,사
2,梭,북[織具],사
2,駟,사마(駟馬),사
2,莎,사초,사
2,柶,숟가락/윷,사
2,伺,엿볼,사
2,僿,잘게부술,사
2,乍,잠깐,사
2,渣,찌끼,사
2,篩,체,사
2,蒜,마늘,산
2,霰,싸락눈,산
2,汕,오구,산
2,乷,땅이름,살
2,杉,삼나무,삼
2,衫,적삼,삼
2,芟,풀벨,삼
2,颯,바람소리,삽
2,鈒,새길,삽
2,廂,곁채,상
2,峠,고개,상
2,湘,물이름,상
2,橡,상수리,상
2,牀,평상[床],상
2,賽,굿할,새
2,穡,거둘,색
2,笙,생황,생
2,捿,깃들일,서
2,栖,깃들일[棲],서
2,墅,농막,서
2,絮,솜,서
2,筮,점대,서
2,鋤,호미,서
2,淅,쌀일,석
2,汐,조수,석
2,蓆,클,석
2,嬋,고울,선
2,鐥,대야,선
2,詵,말전할/많을,선
2,蟬,매미,선
2,跣,맨발,선
2,渲,바림,선
2,饍,반찬[膳],선
2,癬,버짐,선
2,敾,사람이름,선
2,琁,옥,선
2,蘚,이끼,선
2,僊,춤훨훨출,선
2,齧,깨물,설
2,褻,무람없을,설
2,楔,문설주,설
2,贍,넉넉할,섬
2,惺,깨달을,성
2,筬,바디,성
2,腥,비릴,성
2,宬,서고,성
2,猩,성성이,성
2,珹,옥이름,성
2,笹,가는대[細竹],세
2,溯,거슬러올라갈,소
2,瀟,물이름,소
2,炤,밝을,소
2,銷,쇠녹일,소
2,篠,조릿대,소
2,韶,풍류/아름다울,소
2,嘯,휘파람,소
2,涑,물이름,속
2,謖,일어날,속
2,飡,밥,손
2,巽,부드러울,손
2,蓀,향풀,손
2,淞,물이름,송
2,釗,쇠,쇠
2,嗽,기침할,수
2,隧,길[路],수
2,脩,길[長],수
2,邃,깊을,수
2,燧,봉화,수
2,岫,산굴,수
2,峀,산굴[岫],수
2,銹,쇳녹날,수
2,蓚,수산,수
2,鬚,수염,수
2,茱,수유,수
2,藪,숲,수
2,漱,양치할,수
2,琇,옥돌,수
2,讐,원수,수
2,綬,인끈,수
2,璲,패옥,수
2,綏,편안할,수
2,潚,물맑을,숙
2,璹,옥그릇,숙
2,琡,옥이름,숙
2,諄,거듭이를,순
2,栒,나무이름,순
2,楯,난간,순
2,蕣,무궁화,순
2,橓,무궁화나무,순
2,詢,물을,순
2,恂,미쁠/무서울,순
2,徇,부릴/조리돌릴,순
2,蓴,순채,순
2,錞,악기이름,순
2,鉥,돗바늘,술
2,嵩,산높을,숭
2,崧,산높을,숭
2,蝨,이,슬
2,褶,사마치/주름,습
2,陞,오를,승
2,蠅,파리,승
2,翅,날개,시
2,豕,돼지,시
2,屎,똥,시
2,嘶,말울/목쉴,시
2,蒔,모종할,시
2,恃,믿을,시
2,蓍,시초,시
2,尸,주검,시
2,篒,땅이름,식
2,寔,이(是),식
2,埴,찰흙,식
2,侁,걷는모양,신
2,莘,세신[細辛],신
2,藎,조개풀,신
2,芯,골풀,심
2,諶,믿을,심
2,沁,스며들,심
2,鴉,갈까마귀,아
2,鵝,거위,아
2,蛾,누에나방,아
2,莪,다북쑥,아
2,峨,산높을,아
2,娥,예쁠,아
2,鄂,땅이름,악
2,渥,비젖을/두터울,악
2,鰐,악어,악
2,齷,악착할,악
2,幄,장막(帳幕),악
2,鍔,칼날,악
2,嶽,큰산[岳],악
2,鮟,아귀,안
2,岩,바위[巖],암
2,菴,암자,암
2,唵,움켜먹을,암
2,狎,친압할,압
2,昻,높을[昂],앙
2,碍,거리낄[礙],애
2,厓,언덕,애
2,掖,낄/겨드랑이,액
2,鸚,앵무새,앵
2,罌,양병,앵
2,椰,야자나무,야
2,蒻,부들,약
2,痒,가려울[癢],양
2,佯,거짓,양
2,敭,날릴[揚],양
2,煬,녹일,양
2,瀁,물깊을,양
2,穰,볏줄기,양
2,禳,빌[祈],양
2,暘,해돋을,양
2,馭,말부릴,어
2,齬,이어긋날,어
2,檍,참죽나무,억
2,偃,쓰러질,언
2,孼,서자,얼
2,蘖,싹,얼
2,俺,나,엄
2,淹,담글,엄
2,嶪,산높을,업
2,茹,꼭두서니,여
2,礖,돌,여
2,艅,배이름,여
2,轝,수레[輿],여
2,歟,어조사,여
2,璵,옥,여
2,縯,길,연
2,挻,당길,연
2,沇,물이름,연
2,堧,빈땅,연
2,烟,연기[煙,연
2,娟,예쁠,연
2,涓,졸졸흐를,연
2,涎,침,연
2,嚥,침삼킬,연
2,髥,구레나룻,염
2,剡,날카로울,염
2,琰,옥,염
2,苒,풀우거질,염
2,曄,빛날,엽
2,纓,갓끈,영
2,楹,기둥,영
2,塋,무덤,영
2,瀯,물소리,영
2,渶,물이름,영
2,潁,물이름,영
2,濚,물졸졸흐를,영
2,瀛,바다,영
2,鍈,방울소리,영
2,煐,빛날,영
2,嶸,산가파를,영
2,瓔,옥돌,영
2,穎,이삭,영
2,霙,진눈깨비,영
2,乂,깎을,예
2,蘂,꽃술[蕊],예
2,汭,물굽이,예
2,叡,밝을,예
2,刈,벨,예
2,猊,사자,예
2,霓,암무지개,예
2,倪,어릴,예
2,敖,거만할,오
2,俉,맞이할,오
2,澳,물굽이,오
2,晤,밝을,오
2,旿,밝을,오
2,筽,버들고리,오
2,熬,볶을,오
2,獒,사나운개,오
2,塢,산언덕,오
2,鰲,자라,오
2,鼇,자라,오
2,蜈,지네,오
2,縕,묵은솜,온
2,瑥,사람이름,온
2,瘟,염병,온
2,兀,우뚝할,올
2,瓮,독,옹
2,饔,아침밥,옹
2,癰,종기,옹
2,蛙,개구리,와
2,窩,움집,와
2,窪,웅덩이,와
2,翫,구경할,완
2,琓,나라이름,완
2,浣,빨,완
2,豌,완두,완
2,碗,주발[椀],완
2,椀,주발[碗],완
2,脘,중완[胃腑],완
2,琬,홀,완
2,娃,예쁠,왜
2,嵬,높을,외
2,橈,노/꺾어질,요
2,嶢,높을,요
2,繞,두를,요
2,燿,비칠/빛날,요
2,繇,성할,요
2,瑤,아름다운옥,요
2,蟯,요충,요
2,褥,요[藉],욕
2,縟,화문놓을,욕
2,慂,권할,용
2,埇,길돋울,용
2,榕,나무이름,용
2,墉,담[垣],용
2,湧,물솟을[涌],용
2,甬,종꼭지,용
2,冗,한산할/번잡할[宂],용
2,俑,허수아비,용
2,雩,기우제,우
2,盂,바리,우
2,釪,바리때,우
2,禑,복,우
2,紆,얽힐,우
2,藕,연뿌리,우
2,玗,옥돌,우
2,瑀,옥돌,우
2,芋,토란,우
2,旴,해뜰,우
2,栯,나무이름,욱
2,稶,무성할,욱
2,彧,문채,욱
2,勖,힘쓸,욱
2,橒,나무이름,운
2,熉,노란모양,운
2,澐,큰물결,운
2,蕓,평지,운
2,亐,땅이름,울
2,轅,끌채,원
2,垣,담,원
2,円,둥글[圓],원
2,沅,물이름,원
2,洹,물이름,원
2,湲,물졸졸흐를,원
2,愿,삼갈,원
2,嫄,여자이름,원
2,寃,원통할[冤],원
2,爰,이에,원
2,鉞,도끼,월
2,葦,갈대,위
2,蝟,고슴도치,위
2,暐,빛날,위
2,蔿,애기풀,위
2,瑋,옥이름,위
2,褘,휘장,위
2,猷,꾀할,유
2,逾,넘을,유
2,洧,물이름,유
2,萸,수유,유
2,攸,아득할,유
2,瑜,아름다운옥,유
2,孺,어릴,유
2,釉,유약,유
2,臾,잠깐,유
2,濡,젖을/막힐,유
2,楢,졸참나무,유
2,侑,짝/권할,유
2,堉,기름진땅,육
2,毓,키울,육
2,玧,귀막이옥,윤
2,奫,물깊고넓을,윤
2,贇,예쁠,윤
2,聿,붓,율
2,瀜,물깊고넓을,융
2,慇,은근할,은
2,蟻,개미,의
2,倚,기댈,의
2,艤,배댈,의
2,懿,아름다울,의
2,薏,율무,의
2,邇,가까울,이
2,彛,떳떳할[彝],이
2,飴,엿,이
2,苡,율무/질경이[苢],이
2,肄,익힐,이
2,貽,줄[與],이
2,荑,흰비름,이
2,瀷,물이름,익
2,謚,빙그레할,익
2,靷,가슴걸이,인
2,絪,기운,인
2,茵,자리/사철쑥,인
2,馹,역말[驛馬],일
2,荏,들깨,임
2,恁,생각할,임
2,姙,아이밸[妊],임
2,稔,익을,임
2,卄,스물[廿],입
2,芿,새풀싹,잉
2,仍,인할,잉
2,茨,남가새,자
2,孜,부지런할,자
2,咨,차탄할/물을,자
2,斫,쪼갤,작
2,潺,물졸졸흐를,잔
2,孱,잔약할,잔
2,岑,산높을,잠
2,樟,녹나무,장
2,牆,담,장
2,欌,장롱,장
2,贓,장물,장
2,臧,착할,장
2,暲,해돋을,장
2,梓,가래나무,재
2,齎,가질,재
2,渽,강이름,재
2,縡,일[事],재
2,諍,간할,쟁
2,箏,쟁[악기이름],쟁
2,樗,가죽나무,저
2,藷,감자,저
2,杵,공이,저
2,菹,김치,저
2,楮,닥나무,저
2,猪,돼지[豬],저
2,姐,맏누이,저
2,苧,모시,저
2,紵,모시,저
2,渚,물가,저
2,雎,물수리,저
2,儲,쌓을,저
2,佇,우두커니설,저
2,這,이,저
2,齟,이어긋날,저
2,疽,종기,저
2,勣,공(功),적
2,翟,꿩,적
2,迪,나아갈,적
2,荻,물억새,적
2,鏑,살촉,적
2,詮,갖출,전
2,佃,밭갈,전
2,塼,벽돌[甎],전
2,鈿,비녀,전
2,鐫,새길,전
2,佺,신선이름,전
2,琠,옥이름,전
2,筌,통발,전
2,畑,화전,전
2,浙,강이름,절
2,癤,부스럼,절
2,岾,고개,점
2,鮎,메기,점
2,点,점[點],점
2,摺,접을,접
2,檉,능수버들,정
2,姃,단정할,정
2,晸,동틀,정
2,瀞,맑을,정
2,渟,물괼,정
2,湞,물이름,정
2,霆,벼락,정
2,炡,빛날,정
2,鋌,쇳덩이,정
2,淀,얕은물,정
2,玎,옥,정
2,綎,인끈,정
2,諪,조정할,정
2,鉦,징,정
2,霽,갤,제
2,薺,냉이,제
2,臍,배꼽,제
2,醍,제호,제
2,窕,그윽할,조
2,俎,도마,조
2,璪,면류관장식,조
2,蚤,벼룩,조
2,雕,아로새길,조
2,晁,아침,조
2,吊,조상할[弔],조
2,鏃,살촉,족
2,淙,물소리,종
2,鐘,쇠북,종
2,倧,신인(神人),종
2,棕,종려나무[椶],종
2,悰,즐길,종
2,蛛,거미,주
2,侏,난쟁이,주
2,澍,단비,주
2,湊,모일,주
2,綢,빽빽할,주
2,籌,산가지/헤아릴,주
2,炷,심지,주
2,姝,예쁠,주
2,酎,진한술,주
2,冑,투구,주
2,粥,죽,죽
2,畯,농부,준
2,寯,모을,준
2,逡,물러갈,준
2,焌,불태울,준
2,雋,영특할,준
2,儁,영특할,준
2,茁,풀싹,줄
2,緝,거둘,즙
2,楫,노,즙
2,拯,건질,증
2,繒,비단,증
2,甑,시루,증
2,烝,찔/뭇,증
2,蜘,거미,지
2,祗,공경할,지
2,芷,구릿대,지
2,沚,물가,지
2,趾,발,지
2,砥,숫돌,지
2,漬,적실,지
2,贄,폐백,지
2,榛,개암나무,진
2,搢,꽂을,진
2,縉,꽂을,진
2,殄,끊을/다할,진
2,唇,놀랄,진
2,溱,많을,진
2,縝,맺을,진
2,畛,밭두렁,진
2,瞋,부릅뜰,진
2,蔯,사철쑥,진
2,晉,성(姓)/나아갈[晋],진
2,軫,수레뒤턱나무,진
2,瑨,옥돌,진
2,璡,옥돌,진
2,臻,이를,진
2,賑,진휼,진
2,桭,처마,진
2,袗,홑옷,진
2,蛭,거머리,질
2,瓆,사람이름,질
2,侄,어리석을,질
2,潗,샘물솟을,집
2,鏶,쇳조각,집
2,磋,갈[磨],차
2,箚,글/찌를,차
2,嵯,산높고험할,차
2,侘,자랑할/실의할,차
2,齪,악착할,착
2,竄,도망할/내칠,찬
2,澯,맑을,찬
2,簒,빼앗을[篡],찬
2,粲,선명할/하얀쌀밥,찬
2,纘,이을,찬
2,紮,묶을,찰
2,砦,목책,채
2,釵,비녀,채
2,綵,비단,채
2,寀,채지,채
2,慽,근심할,척
2,蹠,밟을,척
2,剔,뼈바를,척
2,倜,얽매이지않을,척
2,韆,그네,천
2,阡,밭둑길,천
2,舛,어그러질,천
2,玔,옥고리,천
2,仟,일천,천
2,輟,그칠,철
2,甛,달[甘],첨
2,詹,이를(至),첨
2,簽,이름둘,첨
2,沾,젖을,첨
2,輒,문득,첩
2,堞,성가퀴,첩
2,睫,속눈썹,첩
2,菁,순무,청
2,鯖,청어,청
2,剃,머리깎을,체
2,剿,끊을/노략질할,초
2,椒,산초나무,초
2,苕,완두,초
2,酢,초,초
2,醮,초례,초
2,艸,풀,초
2,矗,우뚝솟을,촉
2,邨,마을[村],촌
2,摠,거느릴,총
2,悤,바쁠,총
2,憁,실심할,총
2,蔥,파,총
2,諏,가릴,추
2,湫,늪,추
2,萩,다북쑥,추
2,騶,마부,추
2,雛,새새끼,추
2,皺,주름질,추
2,筑,악기이름,축
2,蹙,찡그릴/움츠릴,축
2,竺,천축,축
2,瑃,옥이름,춘
2,朮,삽주,출
2,鷲,독수리,취
2,嘴,부리,취
2,驟,빠를,취
2,仄,기울,측
2,厠,뒷간,측
2,淄,강이름,치
2,緇,검을,치
2,蚩,어리석을,치
2,痴,어리석을[癡],치
2,穉,어릴,치
2,輜,짐수레,치
2,梔,치자나무,치
2,飭,신칙할,칙
2,柒,옻[漆],칠
2,琛,보배,침
2,朶,꽃송이,타
2,咤,꾸짖을,타
2,拖,끌,타
2,馱,짐실을,타
2,晫,밝을,탁
2,琸,사람이름,탁
2,柝,쪼갤/딱따기,탁
2,啄,쫄,탁
2,倬,클,탁
2,坼,터질,탁
2,嘆,한숨쉴[歎],탄
2,榻,긴걸상,탑
2,帑,국고/재물,탕
2,邰,나라이름,태
2,撑,버틸[撐],탱
2,兎,토끼[兔],토
2,偸,훔칠,투
2,闖,엿볼,틈
2,擺,벌릴/열,파
2,杷,비파나무/써레,파
2,鈑,금박,판
2,瓣,꽃잎/날름,판
2,坂,언덕,판
2,捌,깨뜨릴,팔
2,叭,나팔,팔
2,浿,강이름,패
2,覇,으뜸[霸],패
2,狽,이리,패
2,烹,삶을,팽
2,翩,빨리날,편
2,枰,바둑판,평
2,嬖,사랑할,폐
2,吠,짖을,폐
2,苞,떨기,포
2,匏,박,포
2,佈,펼,포
2,俵,나누어줄,표
2,驃,누런말,표
2,彪,범,표
2,飇,폭풍,표
2,瓢,표주박,표
2,陂,방죽,피
2,珌,칼집장식옥,필
2,苾,필추,필
2,馝,향기로울,필
2,鰕,새우,하
2,昰,여름[夏],하
2,廈,큰집,하
2,厦,큰집,하
2,瀚,넓고클,한
2,閒,한가할,한
2,啣,재갈[銜],함
2,哈,마실,합
2,闔,문짝,합
2,閤,합문,합
2,伉,강직할/짝,항
2,杭,거룻배,항
2,桁,차꼬,항
2,嫦,항아,항
2,姮,항아(姮娥),항
2,蟹,게,해
2,垓,땅가장자리,해
2,孩,어린아이,해
2,瀣,이슬,해
2,荇,마름풀,행
2,倖,요행,행
2,餉,먹일/양식,향
2,珦,옥구슬,향
2,櫶,나무이름,헌
2,奕,클,혁
2,泫,눈물흘릴/이슬맺힐,현
2,睍,눈불거질,현
2,舷,뱃전,현
2,俔,엿볼,현
2,玹,옥돌,현
2,晛,햇살,현
2,頁,머리,혈
2,孑,외로울,혈
2,鋏,가위,협
2,脇,갈비[脅],협
2,夾,낄,협
2,浹,두루미칠,협
2,莢,콩꼬투리,협
2,熒,등불반짝거릴,형
2,泂,멀,형
2,逈,멀,형
2,烱,빛날,형
2,灐,사람이름,형
2,滎,실개천,형
2,鎣,줄,형
2,珩,패옥,형
2,蕙,난초/혜초,혜
2,暳,별반짝거릴,혜
2,鞋,신,혜
2,蹊,지름길,혜
2,頀,구할,호
2,蝴,나비,호
2,蒿,다북쑥,호
2,淏,맑을,호
2,滸,물가,호
2,葫,물외/마늘,호
2,灝,물줄기멀,호
2,瓠,박,호
2,壺,병,호
2,芦,지황,호
2,岵,초목이우거진산,호
2,顥,클,호
2,濩,퍼질,호
2,縞,흰깁,호
2,琿,아름다운옥,혼
2,烘,불쬘,홍
2,汞,수은,홍
2,畵,그림,화
2,譁,지껄일,화
2,碻,굳을,확
2,攫,움킬,확
2,渙,물흩어질,환
2,晥,밝을,환
2,奐,빛날,환
2,紈,흰깁,환
2,豁,넓을,활
2,篁,대숲,황
2,愰,들뜰,황
2,晄,밝을,황
2,簧,생황,황
2,湟,웅덩이,황
2,潢,웅덩이,황
2,榥,책상,황
2,璜,패옥,황
2,隍,해자,황
2,蝗,황충[食苗蟲],황
2,幌,휘장,황
2,獪,교활할,회
2,匯,물돌아모일,회
2,澮,봇도랑,회
2,茴,회향,회
2,宖,집울릴,횡
2,鐄,큰쇠북,횡
2,斅,가르칠,효
2,驍,날랠,효
2,淆,뒤섞일,효
2,涍,물이름,효
2,肴,안주,효
2,梟,올빼미,효
2,帿,과녁,후
2,煦,따스할,후
2,珝,옥이름,후
2,勛,공[勳],훈
2,燻,연기치밀,훈
2,塤,질나발[壎],훈
2,焄,향내,훈
2,薨,죽을,훙
2,暄,따뜻할,훤
2,煊,밝을,훤
2,萱,원추리,훤
2,煇,빛날,휘
2,暉,햇빛,휘
2,畦,밭이랑,휴
2,虧,이지러질,휴
2,鷸,도요새,휼
2,譎,속일,휼
2,昕,해돋을,흔
2,炘,화끈거릴,흔
2,吃,말더듬을,흘
2,屹,산우뚝할,흘
2,訖,이를[至],흘
2,紇,질낮은실,흘
2,翕,모을,흡
2,憘,기쁠[喜],희
2,戱,놀이[戲],희
2,晞,마를,희
2,熺,빛날[熹],희
2,囍,쌍희(雙喜),희
2,僖,즐거울,희
2,曦,햇빛,희
2,凞,화할,희
10,袈,가사(袈裟),가
10,苛,가혹할,가
10,呵,꾸짖을,가
10,駕,멍에,가
10,哥,성(姓),가
10,嫁,시집갈,가
10,稼,심을,가
10,嘉,아름다울,가
10,殼,껍질,각
10,恪,삼갈,각
10,揀,가릴,간
10,奸,간사할,간
10,癎,간질,간
10,諫,간할,간
10,墾,개간할,간
10,竿,낚싯대,간
10,澗,산골물,간
10,艱,어려울,간
10,褐,갈색/굵은베,갈
10,喝,꾸짖을,갈
10,竭,다할,갈
10,紺,감색/연보라,감
10,疳,감질,감
10,堪,견딜,감
10,瞰,굽어볼,감
10,柑,귤,감
10,勘,헤아릴,감
10,匣,갑(匣),갑
10,閘,수문,갑
10,糠,겨,강
10,薑,생강,강
10,腔,속빌,강
10,慷,슬플,강
10,凱,개선할,개
10,芥,겨자,개
10,箇,낱,개
10,漑,물댈,개
10,愾,성낼,개
10,羹,국,갱
10,渠,개천,거
10,倨,거만할,거
10,醵,추렴할,거
10,虔,공경할,건
10,巾,수건,건
10,腱,힘줄,건
10,怯,겁낼,겁
10,劫,위협할,겁
10,偈,불시(佛詩),게
10,膈,가슴,격
10,檄,격문(檄文),격
10,覡,박수[男巫],격
10,繭,고치,견
10,譴,꾸짖을,견
10,鵑,두견새,견
10,痙,경련(痙攣),경
10,磬,경쇠,경
10,鯨,고래,경
10,勁,굳셀,경
10,憬,깨달을/동경할,경
10,頸,목,경
10,脛,정강이,경
10,莖,줄기,경
10,梗,줄기/막힐,경
10,悸,두근거릴,계
10,痼,고질,고
10,膏,기름,고
10,股,넓적다리,고
10,敲,두드릴,고
10,叩,두드릴,고
10,錮,막을,고
10,袴,바지,고
10,呱,울,고
10,拷,칠,고
10,辜,허물,고
10,鵠,고니/과녁,곡
10,梏,수갑,곡
10,袞,곤룡포,곤
10,昆,맏,곤
10,棍,몽둥이,곤
10,汨,골몰할,골
10,鞏,굳을,공
10,拱,팔짱낄,공
10,顆,낱알,과
10,廓,둘레,곽
10,槨,외관(外棺),곽
10,藿,콩잎/미역,곽
10,顴,광대뼈,관
10,棺,널,관
10,灌,물댈,관
10,刮,긁을,괄
10,括,묶을,괄
10,壙,뫼구덩이,광
10,匡,바룰,광
10,曠,빌,광
10,胱,오줌통,광
10,卦,점괘,괘
10,罫,줄[罫線],괘
10,魁,괴수,괴
10,乖,어그러질,괴
10,拐,후릴,괴
10,轟,울릴/수레소리,굉
10,宏,클,굉
10,肱,팔뚝,굉
10,轎,가마,교
10,蛟,교룡(蛟龍),교
10,驕,교만할,교
10,狡,교활할,교
10,喬,높을,교
10,皎,달밝을,교
10,咬,물[齧]/새소리,교
10,嬌,아리따울,교
10,攪,흔들,교
10,鉤,갈고리,구
10,嘔,게울,구
10,枸,구기자(枸杞子),구
10,柩,널[棺],구
10,衢,네거리,구
10,謳,노래,구
10,溝,도랑,구
10,寇,도적,구
10,垢,때,구
10,毆,때릴,구
10,灸,뜸,구
10,廏,마구,구
10,駒,망아지,구
10,矩,모날/법,구
10,軀,몸,구
10,鳩,비둘기,구
10,舅,시아비/외삼촌,구
10,仇,원수,구
10,臼,절구,구
10,嶇,험할,구
10,窘,군색할,군
10,躬,몸,궁
10,穹,하늘,궁
10,捲,거둘/말,권
10,倦,게으를,권
10,眷,돌볼,권
10,蹶,일어설/넘어질,궐
10,櫃,궤짝,궤
10,潰,무너질,궤
10,詭,속일,궤
10,几,안석,궤
10,机,책상,궤
10,硅,규소,규
10,逵,길거리,규
10,葵,아욱/해바라기,규
10,窺,엿볼,규
10,橘,귤,귤
10,棘,가시,극
10,剋,이길,극
10,戟,창,극
10,隙,틈,극
10,覲,뵐,근
10,饉,주릴,근
10,擒,사로잡을,금
10,襟,옷깃,금
10,衾,이불,금
10,扱,거둘,급
10,汲,물길을,급
10,亘,뻗칠,긍
10,矜,자랑할,긍
10,杞,구기자(枸杞子),기
10,羈,굴레/나그네,기
10,妓,기생,기
10,朞,돌,기
10,畸,뙈기밭/불구(不具),기
10,綺,비단,기
10,譏,비웃을,기
10,肌,살[膚肉],기
10,伎,재간,기
10,嗜,즐길,기
10,崎,험할,기
10,拮,일할,길
10,喫,먹을,끽
10,懦,나약할,나
10,拏,잡을,나
10,拿,잡을[拏同],나
10,儺,푸닥거리,나
10,煖,더울,난
10,捏,꾸밀,날
10,捺,누를,날
10,衲,기울[縫],납
10,囊,주머니,낭
10,撚,비빌,년
10,涅,열반(涅槃),녈
10,駑,둔한말,노
10,弩,쇠뇌,노
10,膿,고름,농
10,撓,휠,뇨
10,訥,말더듬거릴,눌
10,紐,맺을,뉴
10,匿,숨길,닉
10,緞,비단,단
10,蛋,새알,단
10,簞,소쿠리,단
10,撻,때릴,달
10,疸,황달,달
10,痰,가래,담
10,澹,맑을,담
10,憺,참담할,담
10,譚,클/말씀,담
10,曇,흐릴,담
10,遝,뒤섞일,답
10,螳,버마재비(사마귀),당
10,棠,아가위,당
10,撞,칠,당
10,擡,들[擧],대
10,袋,자루,대
10,賭,내기,도
10,堵,담,도
10,鍍,도금할,도
10,濤,물결,도
10,滔,물넘칠,도
10,蹈,밟을,도
10,睹,볼,도
10,禱,빌,도
10,淘,쌀일,도
10,屠,죽일,도
10,搗,찧을,도
10,萄,포도,도
10,掉,흔들,도
10,禿,대머리,독
10,瀆,도랑/더럽힐,독
10,沌,엉길,돈
10,瞳,눈동자,동
10,憧,동경할,동
10,疼,아플,동
10,胴,큰창자/몸통,동
10,痘,역질,두
10,兜,투구,두
10,臀,볼기,둔
10,遁,숨을,둔
10,橙,귤/걸상,등
10,懶,게으를,라
10,癩,문둥이,라
10,螺,소라,라
10,邏,순라,라
10,駱,낙타,락
10,酪,쇠젖,락
10,烙,지질,락
10,鸞,난새,란
10,瀾,물결,란
10,辣,매울,랄
10,剌,발랄할,랄
10,籃,대바구니,람
10,蠟,밀,랍
10,臘,섣달,랍
10,狼,이리,랑
10,粱,기장,량
10,倆,재주,량
10,濾,거를,려
10,黎,검을,려
10,閭,마을,려
10,戾,어그러질,려
10,侶,짝,려
10,瀝,스밀,력
10,礫,조약돌,력
10,輦,가마,련
10,斂,거둘,렴
10,簾,발,렴
10,殮,염(殮)할,렴
10,齡,나이,령
10,鈴,방울,령
10,囹,옥(獄),령
10,逞,쾌할,령
10,撈,건질,로
10,擄,노략질할,로
10,虜,사로잡을,로
10,麓,산기슭,록
10,碌,푸른돌,록
10,聾,귀먹을,롱
10,壟,밭두둑,롱
10,瓏,옥소리,롱
10,儡,꼭두각시,뢰
10,賂,뇌물,뢰
10,磊,돌무더기,뢰
10,牢,우리[畜舍],뢰
10,寮,동관(同官),료
10,瞭,밝을,료
10,寥,쓸쓸할,료
10,聊,애오라지,료
10,燎,횃불,료
10,陋,더러울,루
10,壘,보루,루
10,琉,유리,류
10,溜,처마물,류
10,瘤,혹,류
10,戮,죽일,륙
10,綸,벼리,륜
10,淪,빠질,륜
10,慄,떨릴,률
10,肋,갈빗대,륵
10,勒,굴레,륵
10,凜,찰,름
10,菱,마름,릉
10,稜,모날,릉
10,綾,비단,릉
10,凌,업신여길,릉
10,罹,걸릴,리
10,釐,다스릴,리
10,裡,속,리
10,俚,속될,리
10,悧,영리할,리
10,籬,울타리,리
10,痢,이질,리
10,燐,도깨비불,린
10,鱗,비늘,린
10,吝,아낄,린
10,躪,짓밟을,린
10,淋,임질,림
10,粒,낟알,립
10,笠,삿갓,립
10,寞,고요할,막
10,彎,굽을,만
10,輓,끌/애도할,만
10,挽,당길,만
10,蔓,덩굴,만
10,卍,만(卍),만
10,饅,만두,만
10,鰻,뱀장어,만
10,瞞,속일,만
10,沫,물거품,말
10,襪,버선,말
10,抹,지울,말
10,芒,까끄라기,망
10,惘,멍할,망
10,邁,갈[行],매
10,煤,그을음,매
10,罵,꾸짖을,매
10,昧,어두울,매
10,呆,어리석을,매
10,寐,잘,매
10,萌,움[芽],맹
10,眄,곁눈질할,면
10,麪,국수,면
10,緬,멀,면
10,棉,목화,면
10,皿,그릇,명
10,螟,멸구,명
10,溟,바다,명
10,酩,술취할,명
10,暝,저물,명
10,袂,소매,몌
10,摸,더듬을,모
10,糢,모호할,모
10,耗,소모할,모
10,牡,수컷,모
10,歿,죽을,몰
10,猫,고양이,묘
10,描,그릴,묘
10,杳,아득할,묘
10,渺,아득할/물질펀할,묘
10,蕪,거칠,무
10,毋,말[勿],무
10,巫,무당,무
10,誣,속일,무
10,撫,어루만질,무
10,憮,어루만질,무
10,拇,엄지손가락,무
10,畝,이랑,무
10,蚊,모기,문
10,靡,쓰러질,미
10,媚,아첨할/예쁠,미
10,薇,장미,미
10,悶,답답할,민
10,謐,고요할,밀
10,駁,논박할,박
10,搏,두드릴,박
10,箔,발[簾],박
10,剝,벗길,박
10,樸,순박할,박
10,縛,얽을,박
10,粕,지게미,박
10,撲,칠[擊],박
10,膊,팔뚝,박
10,珀,호박(琥珀),박
10,頒,나눌,반
10,攀,더위잡을,반
10,畔,밭두둑,반
10,礬,백반,반
10,拌,버릴,반
10,蟠,서릴,반
10,斑,아롱질,반
10,絆,얽어맬,반
10,槃,쟁반,반
10,魃,가물,발
10,勃,노할,발
10,撥,다스릴,발
10,潑,물뿌릴,발
10,跋,밟을,발
10,醱,술괼,발
10,肪,기름,방
10,枋,다목,방
10,幇,도울,방
10,坊,동네,방
10,昉,밝을,방
10,榜,방(榜)붙일,방
10,尨,삽살개,방
10,膀,오줌통,방
10,謗,헐뜯을,방
10,彷,헤맬,방
10,陪,모실,배
10,湃,물결칠,배
10,胚,아기밸,배
10,徘,어정거릴,배
10,魄,넋,백
10,帛,비단,백
10,蕃,불을,번
10,藩,울타리,번
10,氾,넘칠,범
10,帆,돛,범
10,泛,뜰,범
10,梵,불경,범
10,璧,구슬,벽
10,癖,버릇,벽
10,擘,엄지손가락,벽
10,闢,열,벽
10,劈,쪼갤,벽
10,瞥,눈깜짝할,별
10,鼈,자라,별
10,餠,떡,병
10,甁,병,병
10,洑,보,보
10,菩,보살,보
10,堡,작은성,보
10,匐,길,복
10,輻,바퀴살,복
10,鰒,전복,복
10,僕,종,복
10,棒,막대,봉
10,捧,받들,봉
10,烽,봉화,봉
10,鋒,칼날,봉
10,俯,구부릴,부
10,斧,도끼,부
10,訃,부고,부
10,埠,부두,부
10,駙,부마,부
10,賻,부의,부
10,咐,분부할/불[吹],부
10,孵,알깔,부
10,芙,연꽃,부
10,腑,육부(六腑),부
10,剖,쪼갤,부
10,扮,꾸밀,분
10,雰,눈날릴,분
10,盆,동이,분
10,糞,똥,분
10,吩,분부할,분
10,焚,불사를,분
10,噴,뿜을,분
10,忿,성낼,분
10,彿,비슷할,불
10,繃,묶을,붕
10,硼,붕사(硼砂),붕
10,棚,사다리,붕
10,憊,고단할,비
10,沸,끓을,비
10,鄙,더러울,비
10,庇,덮을,비
10,裨,도울,비
10,翡,물총새,비
10,蜚,바퀴/날[飛],비
10,緋,비단,비
10,砒,비상,비
10,匕,비수,비
10,譬,비유할,비
10,琵,비파,비
10,扉,사립문,비
10,痺,저릴,비
10,妣,죽은어미,비
10,脾,지라,비
10,秕,쭉정이,비
10,臂,팔,비
10,誹,헐뜯을,비
10,嬪,궁녀벼슬이름,빈
10,濱,물가,빈
10,瀕,물가/가까울,빈
10,殯,빈소,빈
10,嚬,찡그릴,빈
10,憑,비길[依],빙
10,蓑,도롱이,사
10,紗,비단,사
10,祠,사당,사
10,獅,사자,사
10,奢,사치할,사
10,麝,사향노루,사
10,瀉,쏟을,사
10,徙,옮길,사
10,嗣,이을,사
10,些,적을,사
10,娑,춤출/사바세상,사
10,刪,깎을,산
10,疝,산증(疝症),산
10,珊,산호,산
10,薩,보살,살
10,撒,뿌릴,살
10,煞,죽일,살
10,滲,스밀,삼
10,澁,떫을,삽
10,翔,날[飛],상
10,爽,시원할,상
10,觴,잔,상
10,孀,홀어미,상
10,璽,옥새(玉璽),새
10,嗇,아낄,색
10,甥,생질,생
10,牲,희생,생
10,薯,감자,서
10,黍,기장,서
10,棲,깃들일,서
10,犀,무소,서
10,壻,사위,서
10,曙,새벽,서
10,胥,서로,서
10,嶼,섬,서
10,鼠,쥐,서
10,抒,풀,서
10,潟,개펄,석
10,銑,무쇠,선
10,羨,부러워할,선
10,扇,부채,선
10,煽,부채질할,선
10,腺,샘,선
10,膳,선물/반찬,선
10,屑,가루,설
10,洩,샐,설
10,泄,샐,설
10,渫,파낼,설
10,殲,다죽일,섬
10,閃,번쩍일,섬
10,醒,깰,성
10,遡,거스를,소
10,搔,긁을,소
10,甦,깨어날,소
10,逍,노닐,소
10,宵,밤[夜],소
10,疎,성길,소
10,蕭,쓸쓸할,소
10,梳,얼레빗,소
10,簫,퉁소,소
10,瘙,피부병,소
10,塑,흙빚을,소
10,贖,속죄할,속
10,遜,겸손할,손
10,悚,두려울,송
10,碎,부술,쇄
10,灑,뿌릴,쇄
10,酬,갚을,수
10,蒐,모을,수
10,羞,부끄러울,수
10,髓,뼛골,수
10,狩,사냥할,수
10,竪,세울,수
10,袖,소매,수
10,繡,수놓을,수
10,戍,수자리,수
10,粹,순수할,수
10,瘦,여윌,수
10,讎,원수,수
10,穗,이삭,수
10,嫂,형수,수
10,塾,글방,숙
10,夙,이를,숙
10,菽,콩,숙
10,馴,길들일,순
10,醇,전국술,순
10,筍,죽순,순
10,膝,무릎,슬
10,丞,정승,승
10,柿,감,시
10,匙,숟가락,시
10,豺,승냥이,시
10,猜,시기할,시
10,媤,시집,시
10,諡,시호,시
10,弑,윗사람죽일,시
10,熄,불꺼질,식
10,拭,씻을,식
10,蝕,좀먹을,식
10,宸,대궐,신
10,訊,물을,신
10,燼,불탄끝,신
10,迅,빠를,신
10,薪,섶,신
10,娠,아이밸,신
10,呻,읊조릴,신
10,蜃,큰조개,신
10,悉,다,실
10,什,열사람,십
10,衙,마을[官廳],아
10,啞,벙어리,아
10,俄,아까,아
10,訝,의심할,아
10,愕,놀랄,악
10,顎,턱,악
10,堊,흰흙,악
10,按,누를,안
10,晏,늦을,안
10,鞍,안장,안
10,斡,돌,알
10,軋,삐걱거릴,알
10,闇,숨을,암
10,庵,암자,암
10,昂,높을,앙
10,秧,모,앙
10,怏,원망할,앙
10,鴦,원앙,앙
10,靄,아지랑이,애
10,崖,언덕,애
10,隘,좁을,애
10,曖,희미할,애
10,腋,겨드랑이,액
10,縊,목맬,액
10,扼,잡을,액
10,鶯,꾀꼬리,앵
10,櫻,앵두,앵
10,爺,아비,야
10,揶,야유할,야
10,冶,풀무,야
10,葯,꽃밥,약
10,癢,가려울,양
10,攘,물리칠,양
10,恙,병/근심할,양
10,釀,술빚을,양
10,瘍,헐,양
10,禦,막을,어
10,瘀,어혈질,어
10,圄,옥,어
10,臆,가슴,억
10,堰,둑,언
10,諺,언문/속담,언
10,掩,가릴,엄
10,奄,문득,엄
10,儼,엄연할,엄
10,繹,풀[解],역
10,筵,대자리,연
10,捐,버릴,연
10,椽,서까래,연
10,鳶,솔개,연
10,艶,고울,염
10,焰,불꽃,염
10,嬰,어린아이,영
10,曳,끌,예
10,穢,더러울,예
10,詣,이를[至],예
10,裔,후손,예
10,奧,깊을,오
10,伍,다섯사람,오
10,寤,잠깰,오
10,懊,한할,오
10,蘊,쌓을,온
10,壅,막을,옹
10,訛,그릇될,와
10,蝸,달팽이,와
10,渦,소용돌이,와
10,阮,성(姓),완
10,婉,순할/아름다울,완
10,頑,완고할,완
10,宛,완연할,완
10,玩,즐길,완
10,腕,팔뚝,완
10,枉,굽을,왕
10,矮,난쟁이,왜
10,巍,높고클,외
10,猥,외람할,외
10,窈,고요할,요
10,窯,기와가마,요
10,饒,넉넉할,요
10,邀,맞을,요
10,擾,시끄러울,요
10,凹,오목할,요
10,僥,요행,요
10,拗,우길,요
10,夭,일찍죽을,요
10,踊,뛸,용
10,涌,물,용
10,聳,솟을,용
10,蓉,연꽃,용
10,茸,풀날,용
10,隅,모퉁이,우
10,寓,부칠[寄],우
10,嵎,산굽이,우
10,迂,에돌,우
10,虞,염려할/나라이름,우
10,耘,김맬,운
10,隕,떨어질,운
10,殞,죽을,운
10,猿,원숭이,원
10,鴛,원앙,원
10,冤,원통할,원
10,萎,시들,위
10,喩,깨우칠,유
10,宥,너그러울,유
10,鍮,놋쇠,유
10,蹂,밟을,유
10,癒,병나을,유
10,諛,아첨할,유
10,揄,야유할,유
10,柚,유자,유
10,愉,즐거울,유
10,諭,타이를,유
10,游,헤엄칠,유
10,絨,가는베,융
10,戎,병장기/오랑캐,융
10,蔭,그늘,음
10,揖,읍할,읍
10,膺,가슴,응
10,毅,굳셀,의
10,擬,비길,의
10,椅,의자,의
10,誼,정(情),의
10,爾,너,이
10,弛,늦출,이
10,餌,미끼,이
10,痍,상처,이
10,姨,이모,이
10,翌,다음날,익
10,咽,목구멍,인
10,湮,묻힐,인
10,蚓,지렁이,인
10,靭,질길,인
10,溢,넘칠,일
10,佚,편안,일
10,剩,남을,잉
10,孕,아이밸,잉
10,炙,구울,자
10,藉,깔/핑계할,자
10,瓷,사기그릇,자
10,蔗,사탕수수,자
10,煮,삶을,자
10,仔,자세할,자
10,疵,허물,자
10,勺,구기,작
10,鵲,까치,작
10,綽,너그러울,작
10,灼,불사를,작
10,嚼,씹을,작
10,雀,참새,작
10,炸,터질,작
10,芍,함박꽃,작
10,棧,사다리,잔
10,盞,잔,잔
10,箴,경계,잠
10,簪,비녀,잠
10,檣,돛대,장
10,仗,의장(儀仗),장
10,醬,장,장
10,薔,장미,장
10,匠,장인,장
10,漿,즙,장
10,杖,지팡이,장
10,齋,재계할/집,재
10,滓,찌끼,재
10,錚,쇳소리,쟁
10,豬,돼지,저
10,躇,머뭇거릴,저
10,觝,씨름,저
10,咀,씹을,저
10,狙,원숭이/엿볼,저
10,詛,저주할,저
10,箸,젓가락,저
10,邸,집,저
10,謫,귀양갈,적
10,狄,오랑캐,적
10,迹,자취,적
10,嫡,정실,적
10,廛,가게,전
10,剪,가위,전
10,悛,고칠,전
10,箋,기록할,전
10,煎,달일,전
10,氈,담(毯),전
10,輾,돌아누울,전
10,顫,떨,전
10,栓,마개,전
10,塡,메울,전
10,癲,미칠,전
10,餞,보낼,전
10,銓,사람가릴,전
10,箭,살[矢],전
10,澱,앙금,전
10,纏,얽을,전
10,顚,엎드러질/이마,전
10,篆,전자(篆字),전
10,奠,정할/제사,전
10,截,끊을,절
10,粘,붙을,점
10,霑,젖을,점
10,幀,그림족자,정
10,睛,눈동자,정
10,碇,닻,정
10,錠,덩이,정
10,釘,못,정
10,町,밭두둑,정
10,挺,빼어날,정
10,酊,술취할,정
10,靖,편안할,정
10,穽,함정,정
10,悌,공손할,제
10,蹄,굽,제
10,梯,사다리,제
10,啼,울,제
10,粗,거칠,조
10,繰,고치켤,조
10,槽,구유,조
10,棗,대추,조
10,藻,마름,조
10,阻,막힐,조
10,遭,만날,조
10,曹,무리,조
10,漕,배로실어나를,조
10,眺,볼,조
10,肇,비롯할,조
10,嘲,비웃을,조
10,稠,빽빽할,조
10,爪,손톱,조
10,凋,시들,조
10,躁,조급할,조
10,詔,조서,조
10,糟,지게미,조
10,簇,가는대[小竹],족
10,猝,갑자기,졸
10,慫,권할,종
10,踵,발꿈치,종
10,踪,자취,종
10,腫,종기,종
10,挫,꺾을,좌
10,註,글뜻풀,주
10,躊,머뭇거릴,주
10,紬,명주,주
10,輳,몰려들,주
10,誅,벨,주
10,廚,부엌,주
10,嗾,부추길,주
10,呪,빌,주
10,胄,자손,주
10,紂,주임금,주
10,做,지을,주
10,蠢,꾸물거릴,준
10,竣,마칠,준
10,樽,술통,준
10,櫛,빗,즐
10,葺,기울,즙
10,汁,즙,즙
10,祉,복(福),지
10,咫,여덟치,지
10,摯,잡을,지
10,枳,탱자,지
10,肢,팔다리,지
10,疹,마마,진
10,嗔,성낼,진
10,迭,갈마들,질
10,跌,거꾸러질,질
10,叱,꾸짖을,질
10,嫉,미워할,질
10,膣,음도,질
10,桎,차꼬,질
10,帙,책권차례,질
10,朕,나,짐
10,斟,짐작할,짐
10,澄,맑을,징
10,叉,갈래,차
10,蹉,미끄러질,차
10,嗟,탄식할,차
10,鑿,뚫을,착
10,窄,좁을,착
10,搾,짤,착
10,纂,모을,찬
10,饌,반찬,찬
10,篡,빼앗을,찬
10,撰,지을,찬
10,擦,문지를,찰
10,塹,구덩이,참
10,懺,뉘우칠,참
10,站,역(驛)마을,참
10,讖,예언,참
10,僭,주제넘을,참
10,讒,참소할,참
10,廠,공장,창
10,倡,광대,창
10,漲,넘칠,창
10,猖,미쳐날뛸,창
10,艙,부두,창
10,瘡,부스럼,창
10,脹,부을,창
10,愴,슬플,창
10,槍,창,창
10,娼,창녀,창
10,菖,창포,창
10,寨,목책(木柵),채
10,柵,울타리,책
10,凄,쓸쓸할,처
10,擲,던질,척
10,脊,등마루,척
10,滌,씻을,척
10,瘠,여윌,척
10,穿,뚫을,천
10,擅,멋대로할,천
10,闡,밝힐,천
10,喘,숨찰,천
10,轍,바퀴자국,철
10,凸,볼록할,철
10,綴,엮을,철
10,僉,다/여러,첨
10,諂,아첨할,첨
10,籤,제비(점대),첨
10,疊,거듭,첩
10,帖,문서,첩
10,貼,붙일,첩
10,捷,빠를,첩
10,牒,편지,첩
10,涕,눈물,체
10,諦,살필,체
10,梢,나무끝,초
10,樵,나무할,초
10,貂,담비,초
10,炒,볶을,초
10,礁,암초,초
10,稍,점점,초
10,醋,초,초
10,憔,파리할,초
10,蕉,파초,초
10,硝,화약,초
10,囑,부탁할,촉
10,忖,헤아릴,촌
10,叢,떨기/모일,총
10,塚,무덤,총
10,寵,사랑할,총
10,撮,모을/사진찍을,촬
10,芻,꼴,추
10,墜,떨어질,추
10,鰍,미꾸라지,추
10,錐,송곳,추
10,鎚,쇠망치,추
10,椎,쇠몽치/등골,추
10,酋,우두머리,추
10,錘,저울추,추
10,樞,지도리,추
10,槌,칠[擊],추
10,黜,내칠,출
10,萃,모을,췌
10,膵,췌장,췌
10,悴,파리할,췌
10,贅,혹,췌
10,脆,연할,취
10,娶,장가들,취
10,翠,푸를/물총새,취
10,惻,슬플,측
10,幟,기(旗),치
10,馳,달릴,치
10,嗤,비웃을,치
10,緻,빽빽할,치
10,侈,사치할,치
10,熾,성할,치
10,癡,어리석을,치
10,痔,치질,치
10,勅,칙서,칙
10,砧,다듬잇돌,침
10,鍼,침(鍼),침
10,蟄,숨을,칩
10,秤,저울,칭
10,惰,게으를,타
10,楕,길고둥글,타
10,駝,낙타,타
10,陀,비탈질/부처,타
10,唾,침[涎],타
10,舵,키[正船木],타
10,鐸,방울,탁
10,擢,뽑을,탁
10,憚,꺼릴,탄
10,呑,삼킬,탄
10,綻,터질,탄
10,坦,평탄할,탄
10,眈,노려볼,탐
10,搭,탈[乘],탑
10,蕩,방탕할,탕
10,宕,호탕할,탕
10,跆,밟을,태
10,笞,볼기칠,태
10,苔,이끼,태
10,汰,일[淘],태
10,撐,버틸,탱
10,攄,펼,터
10,慟,서러워할,통
10,桶,통(桶),통
10,筒,통(筒),통
10,腿,넓적다리,퇴
10,頹,무너질,퇴
10,褪,바랠[褪色],퇴
10,堆,쌓을,퇴
10,妬,샘낼,투
10,套,씌울,투
10,慝,사특할,특
10,爬,긁을,파
10,巴,꼬리,파
10,琶,비파,파
10,跛,절름발이,파
10,芭,파초,파
10,婆,할미,파
10,辦,힘들일,판
10,悖,거스를,패
10,沛,비쏟아질,패
10,唄,염불소리,패
10,佩,찰[帶],패
10,牌,패(牌),패
10,稗,피[穀類],패
10,澎,물소리,팽
10,膨,불을,팽
10,愎,강퍅할,퍅
10,騙,속일,편
10,鞭,채찍,편
10,貶,낮출,폄
10,萍,부평초(浮萍草),평
10,陛,대궐섬돌,폐
10,斃,죽을,폐
10,泡,거품,포
10,咆,고함지를[咆哮],포
10,褒,기릴,포
10,匍,길,포
10,逋,도망갈,포
10,袍,도포,포
10,哺,먹일,포
10,疱,물집,포
10,蒲,부들,포
10,庖,부엌,포
10,圃,채마밭,포
10,脯,포(脯),포
10,曝,쪼일,폭
10,瀑,폭포,폭
10,剽,겁박할,표
10,慓,급할,표
10,飄,나부낄,표
10,豹,표범,표
10,稟,여쭐,품
10,諷,풍자할,풍
10,披,헤칠,피
10,疋,필(匹),필
10,乏,모자랄,핍
10,逼,핍박할,핍
10,霞,노을,하
10,蝦,두꺼비/새우,하
10,遐,멀,하
10,瑕,허물,하
10,壑,구렁,학
10,瘧,학질(瘧疾),학
10,謔,희롱할,학
10,罕,드물,한
10,澣,빨래할/열흘,한
10,悍,사나울,한
10,轄,다스릴,할
10,檻,난간,함
10,緘,봉할,함
10,喊,소리칠,함
10,銜,재갈,함
10,涵,젖을,함
10,鹹,짤[鹽味],함
10,函,함(函),함
10,蛤,조개,합
10,盒,합(盒),합
10,肛,항문,항
10,缸,항아리,항
10,懈,게으를,해
10,咳,기침,해
10,駭,놀랄,해
10,楷,본보기,해
10,骸,뼈,해
10,邂,우연히만날,해
10,偕,함께,해
10,諧,화할,해
10,劾,꾸짖을,핵
10,嚮,길잡을,향
10,饗,잔치할,향
10,噓,불[吹],허
10,墟,터,허
10,歇,쉴,헐
10,絢,무늬,현
10,眩,어지러울,현
10,衒,자랑할,현
10,挾,낄,협
10,頰,뺨,협
10,俠,의기로울,협
10,狹,좁을,협
10,荊,가시,형
10,彗,살별,혜
10,醯,식혜,혜
10,瑚,산호,호
10,狐,여우,호
10,糊,풀칠할,호
10,琥,호박(琥珀),호
10,弧,활,호
10,渾,흐릴,혼
10,笏,홀(笏),홀
10,惚,황홀할,홀
10,哄,떠들썩할,홍
10,虹,무지개,홍
10,訌,어지러울,홍
10,驩,기뻐할,환
10,宦,벼슬,환
10,喚,부를,환
10,鰥,홀아비,환
10,猾,교활할,활
10,闊,넓을,활
10,遑,급할,황
10,惶,두려울,황
10,凰,봉황,황
10,煌,빛날,황
10,慌,어리둥절할,황
10,徨,헤맬,황
10,恍,황홀할,황
10,誨,가르칠,회
10,繪,그림,회
10,晦,그믐,회
10,恢,넓을,회
10,徊,머뭇거릴,회
10,賄,재물/뇌물,회
10,膾,회(膾),회
10,蛔,회충,회
10,爻,사귈/가로그을,효
10,酵,삭힐,효
10,哮,성낼,효
10,嚆,울릴,효
10,逅,만날,후
10,嗅,맡을,후
10,朽,썩을,후
10,吼,울부짖을,후
10,暈,무리[光環],훈
10,喧,지껄일,훤
10,喙,부리,훼
10,卉,풀,훼
10,麾,기(旗),휘
10,彙,무리,휘
10,諱,숨길/꺼릴,휘
10,恤,불쌍할,휼
10,洶,용솟음칠,흉
10,兇,흉악할,흉
10,欣,기쁠,흔
10,痕,흔적,흔
10,欠,하품,흠
10,歆,흠향할,흠
10,恰,흡사할,흡
10,洽,흡족할,흡
10,犧,희생,희
10,詰,꾸짖을,힐
12,柯,가지,가
12,迦,부처이름,가
12,賈,성(姓),가
12,軻,수레/사람이름,가
12,伽,절,가
12,珏,쌍옥,각
12,艮,괘이름,간
12,杆,몽둥이,간
12,鞨,오랑캐이름,갈
12,鉀,갑옷,갑
12,岬,곶(串),갑
12,彊,굳셀,강
12,岡,산등성이,강
12,姜,성(姓),강
12,崗,언덕,강
12,疆,지경,강
12,塏,높은땅,개
12,价,클,개
12,鍵,자물쇠/열쇠,건
12,杰,뛰어날,걸
12,桀,하(夏)왕이름,걸
12,甄,질그릇,견
12,儆,경계할,경
12,瓊,구슬,경
12,炅,빛날,경
12,璟,옥빛,경
12,皐,언덕,고
12,串,꿸,관
12,琯,옥피리,관
12,槐,회화나무/느티나무,괴
12,邱,언덕,구
12,玖,옥돌,구
12,鞠,성(姓)/국문할,국
12,奎,별,규
12,圭,서옥(瑞玉)/쌍토,규
12,揆,헤아릴,규
12,珪,홀,규
12,槿,무궁화,근
12,瑾,아름다운옥,근
12,兢,떨릴,긍
12,岐,갈림길,기
12,麒,기린,기
12,耆,늙을,기
12,沂,물이름,기
12,淇,물이름,기
12,冀,바랄,기
12,璣,별이름,기
12,琪,아름다운옥,기
12,琦,옥이름,기
12,騏,준마,기
12,驥,천리마,기
12,箕,키,기
12,湍,여울,단
12,塘,못[池],당
12,悳,큰[德],덕
12,燾,비칠,도
12,惇,도타울,돈
12,燉,불빛,돈
12,頓,조아릴,돈
12,乭,이름,돌
12,董,바를[正],동
12,杜,막을,두
12,鄧,나라이름,등
12,萊,명아주,래
12,樑,들보,량
12,亮,밝을,량
12,驪,검은말,려
12,廬,농막(農幕)집,려
12,呂,성(姓)/법칙,려
12,礪,숫돌,려
12,漣,잔물결,련
12,濂,물이름,렴
12,玲,옥소리,령
12,醴,단술[甘酒],례
12,蘆,갈대,로
12,魯,노나라/노둔할,로
12,盧,성(姓),로
12,鷺,해오라기/백로,로
12,遼,멀,료
12,劉,죽일/묘금도(卯金刂),류
12,崙,산이름,륜
12,楞,네모질[四角],릉
12,麟,기린,린
12,靺,말갈(靺鞨),말
12,貊,맥국(貊國),맥
12,覓,찾을,멱
12,冕,면류관,면
12,沔,물이름/빠질,면
12,俛,힘쓸/구푸릴,면
12,謨,꾀,모
12,茅,띠[草名],모
12,牟,성(姓)/보리[大麥],모
12,穆,화목할,목
12,昴,별이름,묘
12,汶,물이름,문
12,彌,미륵/오랠,미
12,閔,성(姓),민
12,玟,아름다운돌,민
12,珉,옥돌,민
12,旻,하늘,민
12,旼,화할,민
12,磻,반계(磻溪),반
12,潘,성(姓),반
12,渤,바다이름,발
12,鉢,바리때,발
12,旁,곁,방
12,龐,높은집,방
12,裵,성(姓),배
12,筏,뗏목,벌
12,范,성(姓),범
12,弁,고깔,변
12,卞,성(姓),변
12,昺,밝을,병
12,昞,밝을,병
12,炳,불꽃,병
12,柄,자루,병
12,秉,잡을,병
12,輔,도울,보
12,潽,물이름,보
12,甫,클,보
12,馥,향기,복
12,蓬,쑥,봉
12,釜,가마[鬴],부
12,傅,스승,부
12,阜,언덕,부
12,芬,향기,분
12,鵬,새,붕
12,毘,도울,비
12,泌,분비할,비
12,毖,삼갈,비
12,丕,클,비
12,彬,빛날,빈
12,馮,탈[乘],빙
12,泗,물이름,사
12,庠,학교,상
12,舒,펼,서
12,晳,밝을,석
12,錫,주석,석
12,奭,클/쌍백,석
12,璿,구슬,선
12,瑄,도리옥,선
12,璇,옥,선
12,卨,사람이름,설
12,薛,성(姓),설
12,蟾,두꺼비,섬
12,陝,땅이름,섬
12,暹,햇살치밀/나라이름,섬
12,燮,불꽃,섭
12,晟,밝을,성
12,邵,땅이름/성(姓),소
12,沼,못,소
12,巢,새집,소
12,宋,성(姓),송
12,洙,물가,수
12,隋,수나라,수
12,銖,저울눈,수
12,淳,순박할,순
12,舜,순임금,순
12,珣,옥이름,순
12,洵,참으로,순
12,荀,풀이름,순
12,瑟,큰거문고,슬
12,繩,노끈,승
12,柴,섶[薪],시
12,湜,물맑을,식
12,軾,수레가로나무,식
12,瀋,즙낼/물이름,심
12,閼,막을,알
12,鴨,오리,압
12,艾,쑥,애
12,埃,티끌,애
12,倻,가야,야
12,襄,도울,양
12,彦,선비,언
12,姸,고울,연
12,衍,넓을,연
12,淵,못,연
12,閻,마을,염
12,燁,빛날,엽
12,暎,비칠,영
12,瑛,옥빛,영
12,盈,찰[滿],영
12,芮,성(姓),예
12,睿,슬기,예
12,濊,종족이름,예
12,墺,물가,오
12,吳,성(姓),오
12,沃,기름질,옥
12,鈺,보배,옥
12,甕,독,옹
12,邕,막힐,옹
12,雍,화(和)할,옹
12,莞,빙그레할,완
12,汪,넓을,왕
12,旺,왕성할,왕
12,倭,왜나라,왜
12,耀,빛날,요
12,姚,예쁠,요
12,堯,요임금,요
12,溶,녹을,용
12,鎔,쇠녹일,용
12,鏞,쇠북,용
12,瑢,패옥소리,용
12,佑,도울,우
12,祐,복(福),우
12,禹,성(姓),우
12,煜,빛날,욱
12,頊,삼갈,욱
12,郁,성할,욱
12,旭,아침해,욱
12,昱,햇빛밝을,욱
12,芸,향풀,운
12,蔚,고을이름,울
12,熊,곰,웅
12,媛,계집,원
12,瑗,구슬,원
12,袁,성(姓),원
12,韋,가죽,위
12,渭,물이름,위
12,魏,성(姓),위
12,庾,곳집/노적가리,유
12,踰,넘을,유
12,楡,느릅나무,유
12,兪,대답할/인월도(人月刂),유
12,允,맏[伯],윤
12,尹,성(姓),윤
12,胤,자손,윤
12,鈗,창,윤
12,殷,은나라,은
12,垠,지경,은
12,誾,향기,은
12,鷹,매,응
12,珥,귀고리,이
12,怡,기쁠,이
12,伊,저[彼],이
12,翊,도울,익
12,鎰,무게이름,일
12,佾,줄춤,일
12,滋,불을[益],자
12,獐,노루,장
12,蔣,성(姓),장
12,庄,전장(田莊),장
12,璋,홀[圭],장
12,甸,경기,전
12,楨,광나무,정
12,旌,기,정
12,鄭,나라,정
12,晶,맑을,정
12,汀,물가,정
12,禎,상서로울,정
12,鼎,솥,정
12,珽,옥이름,정
12,趙,나라,조
12,祚,복(福),조
12,曺,성(姓),조
12,琮,옥홀,종
12,疇,이랑,주
12,浚,깊게할,준
12,濬,깊을,준
12,埈,높을,준
12,峻,높을/준엄할,준
12,晙,밝을,준
12,駿,준마,준
12,芝,지초,지
12,址,터,지
12,稙,올벼,직
12,稷,피[穀名],직
12,秦,성(姓),진
12,晋,진나라,진
12,鑽,뚫을,찬
12,燦,빛날,찬
12,璨,옥빛,찬
12,瓚,옥잔,찬
12,敞,시원할,창
12,昶,해길,창
12,埰,사패지(賜牌地),채
12,蔡,성(姓),채
12,采,풍채,채
12,陟,오를,척
12,釧,팔찌,천
12,澈,맑을,철
12,喆,밝을/쌍길[吉],철
12,瞻,볼,첨
12,楚,초나라,초
12,蜀,나라이름,촉
12,崔,성(姓)/높을,최
12,楸,가래,추
12,鄒,추나라,추
12,椿,참죽나무,춘
12,沖,화(和)할,충
12,聚,모을,취
12,雉,꿩,치
12,峙,언덕,치
12,灘,여울,탄
12,耽,즐길,탐
12,兌,바꿀/기쁠,태
12,台,별,태
12,坡,언덕,파
12,阪,언덕,판
12,彭,성(姓),팽
12,扁,작을,편
12,鮑,절인물고기,포
12,葡,포도,포
12,杓,북두자루,표
12,弼,도울,필
12,邯,조(趙)나라서울,한
12,沆,넓을,항
12,亢,높을,항
12,杏,살구,행
12,爀,불빛,혁
12,赫,빛날,혁
12,峴,고개,현
12,炫,밝을,현
12,鉉,솥귀,현
12,陜,좁을,협
12,馨,꽃다울,형
12,瀅,물맑을,형
12,瑩,밝을,형
12,炯,빛날,형
12,邢,성(姓),형
12,澔,넓을,호
12,扈,따를,호
12,晧,밝을,호
12,祜,복(福),호
12,昊,하늘,호
12,壕,해자,호
12,鎬,호경,호
12,皓,흴[白],호
12,泓,물깊을,홍
12,樺,벚나무/자작나무,화
12,嬅,탐스러울,화
12,桓,굳셀,환
12,煥,빛날,환
12,滉,깊을,황
12,晃,밝을,황
12,淮,물이름,회
12,檜,전나무,회
12,后,임금/왕후,후
12,熏,불길,훈
12,壎,질나팔,훈
12,薰,향풀,훈
12,徽,아름다울,휘
12,烋,아름다울,휴
12,匈,오랑캐,흉
12,欽,공경할,흠
12,憙,기뻐할,희
12,禧,복(福),희
12,羲,복희(伏羲),희
12,熹,빛날,희
12,嬉,아름다울,희
20,葛,칡,갈
20,憾,섭섭할,감
20,坑,구덩이,갱
20,揭,높이들[擧]/걸[掛],게
20,憩,쉴,게
20,雇,품팔,고
20,菓,과자,과
20,瓜,외,과
20,戈,창,과
20,款,항목,관
20,傀,허수아비,괴
20,僑,더부살이,교
20,絞,목맬,교
20,膠,아교,교
20,鷗,갈매기,구
20,歐,구라파/칠,구
20,購,살,구
20,窟,굴,굴
20,掘,팔,굴
20,圈,우리[牢],권
20,闕,대궐,궐
20,閨,안방,규
20,棋,바둑,기
20,濃,짙을,농
20,尿,오줌,뇨
20,尼,여승,니
20,溺,빠질,닉
20,鍛,쇠불릴,단
20,潭,못[池],담
20,膽,쓸개,담
20,戴,일[首荷],대
20,垈,집터,대
20,悼,슬퍼할,도
20,棟,마룻대,동
20,桐,오동나무,동
20,藤,등나무,등
20,謄,베낄,등
20,裸,벗을,라
20,洛,물이름,락
20,爛,빛날,란
20,藍,쪽,람
20,拉,끌,랍
20,輛,수레,량
20,煉,달굴,련
20,籠,대바구니,롱
20,療,병고칠,료
20,謬,그르칠,류
20,硫,유황,류
20,魔,마귀,마
20,摩,문지를,마
20,痲,저릴,마
20,膜,꺼풀/막,막
20,娩,낳을,만
20,灣,물굽이,만
20,蠻,오랑캐,만
20,網,그물,망
20,枚,낱,매
20,魅,매혹할,매
20,蔑,업신여길,멸
20,帽,모자,모
20,矛,창,모
20,沐,머리감을,목
20,紊,어지러울/문란할,문
20,舶,배,박
20,搬,옮길,반
20,紡,길쌈,방
20,賠,물어줄,배
20,俳,배우,배
20,柏,측백,백
20,閥,문벌,벌
20,汎,넓을,범
20,僻,궁벽할,벽
20,倂,아우를,병
20,縫,꿰맬,봉
20,俸,녹(祿),봉
20,膚,살갗,부
20,敷,펼,부
20,弗,아닐/말[勿],불
20,匪,비적,비
20,飼,기를,사
20,唆,부추길,사
20,赦,용서할,사
20,酸,실[味覺],산
20,傘,우산,산
20,蔘,삼,삼
20,揷,꽂을,삽
20,箱,상자,상
20,瑞,상서,서
20,碩,클,석
20,繕,기울,선
20,纖,가늘,섬
20,貰,세놓을,세
20,紹,이을,소
20,盾,방패,순
20,升,되,승
20,屍,주검,시
20,殖,불릴,식
20,紳,띠[帶],신
20,腎,콩팥,신
20,握,쥘,악
20,癌,암,암
20,礙,거리낄,애
20,惹,이끌,야
20,孃,아가씨,양
20,硯,벼루,연
20,厭,싫어할,염
20,預,맡길/미리,예
20,梧,오동나무,오
20,穩,편안할,온
20,歪,기울,왜
20,妖,요사할,요
20,熔,녹을,용
20,傭,품팔,용
20,鬱,답답할,울
20,苑,나라동산,원
20,尉,벼슬,위
20,融,녹을,융
20,貳,두/갖은두,이
20,刃,칼날,인
20,壹,한/갖은한,일
20,妊,아이밸,임
20,諮,물을,자
20,雌,암컷,자
20,磁,자석,자
20,蠶,누에,잠
20,沮,막을[遮],저
20,呈,드릴,정
20,艇,배,정
20,偵,염탐할,정
20,劑,약제,제
20,釣,낚을/낚시,조
20,措,둘[置],조
20,彫,새길,조
20,綜,모을,종
20,駐,머무를,주
20,准,비준,준
20,脂,기름,지
20,旨,뜻,지
20,津,나루,진
20,診,진찰할,진
20,塵,티끌,진
20,窒,막힐,질
20,輯,모을,집
20,遮,가릴,차
20,餐,밥,찬
20,刹,절,찰
20,札,편지,찰
20,斬,벨,참
20,彰,드러날,창
20,滄,큰바다,창
20,悽,슬퍼할,처
20,隻,외짝,척
20,撤,거둘,철
20,諜,염탐할,첩
20,締,맺을,체
20,哨,망볼,초
20,焦,탈[燥],초
20,趨,달아날,추
20,軸,굴대,축
20,蹴,찰,축
20,衷,속마음,충
20,炊,불땔,취
20,琢,다듬을,탁
20,託,부탁할,탁
20,胎,아이밸,태
20,颱,태풍,태
20,霸,으뜸,패
20,坪,들[野],평
20,抛,던질,포
20,怖,두려워할,포
20,鋪,펼/가게,포
20,虐,모질,학
20,翰,편지,한
20,艦,큰,함
20,弦,시위,현
20,峽,골짜기,협
20,型,모형,형
20,濠,호주,호
20,酷,심할,혹
20,靴,"신[履,",화
20,幻,헛보일,환
20,滑,미끄러울,활
20,廻,돌[旋],회
20,喉,목구멍,후
20,勳,공(功),훈
20,姬,계집,희
20,煕,빛날,희
20,噫,한숨쉴,희
30,却,물리칠,각
30,姦,간음할,간
30,渴,목마를,갈
30,皆,다[總],개
30,慨,슬퍼할,개
30,乞,빌,걸
30,遣,보낼,견
30,絹,비단,견
30,肩,어깨,견
30,牽,이끌/끌,견
30,竟,마침내,경
30,卿,벼슬,경
30,庚,별,경
30,繫,맬,계
30,癸,북방/천간,계
30,顧,돌아볼,고
30,枯,마를,고
30,坤,따,곤
30,郭,둘레/외성,곽
30,掛,걸[懸],괘
30,愧,부끄러울,괴
30,塊,흙덩이,괴
30,郊,들[野],교
30,矯,바로잡을,교
30,狗,개,구
30,龜,거북,구
30,懼,두려워할,구
30,驅,몰,구
30,苟,진실로/구차할,구
30,俱,함께,구
30,厥,그[其],궐
30,軌,바퀴자국,궤
30,叫,부르짖을,규
30,糾,얽힐,규
30,僅,겨우,근
30,斤,근[무게단위]/날[刃],근
30,謹,삼갈,근
30,肯,즐길,긍
30,忌,꺼릴,기
30,幾,몇,기
30,棄,버릴,기
30,欺,속일,기
30,豈,어찌,기
30,旣,이미,기
30,飢,주릴,기
30,那,어찌,나
30,奈,어찌,내
30,乃,이에,내
30,惱,번뇌할,뇌
30,畓,논,답
30,挑,돋울,도
30,跳,뛸,도
30,稻,벼,도
30,塗,칠할,도
30,篤,도타울,독
30,敦,도타울,돈
30,豚,돼지,돈
30,鈍,둔할,둔
30,屯,진칠,둔
30,騰,오를,등
30,濫,넘칠,람
30,掠,노략질할,략
30,諒,살펴알/믿을,량
30,憐,불쌍히여길,련
30,劣,못할,렬
30,廉,청렴할,렴
30,獵,사냥,렵
30,零,떨어질/영[數字],령
30,隷,종,례
30,鹿,사슴,록
30,僚,동료,료
30,了,마칠,료
30,淚,눈물,루
30,屢,여러,루
30,梨,배,리
30,隣,이웃,린
30,慢,거만할,만
30,漫,흩어질,만
30,忙,바쁠,망
30,茫,아득할,망
30,罔,없을,망
30,忘,잊을,망
30,埋,묻을,매
30,冥,어두울,명
30,募,모을/뽑을,모
30,冒,무릅쓸,모
30,某,아무,모
30,侮,업신여길,모
30,暮,저물,모
30,苗,모,묘
30,廟,사당,묘
30,卯,토끼,묘
30,霧,안개,무
30,戊,천간,무
30,眉,눈썹,미
30,迷,미혹할,미
30,憫,민망할,민
30,敏,민첩할,민
30,蜜,꿀,밀
30,泊,머무를/배댈,박
30,返,돌이킬,반
30,叛,배반할,반
30,伴,짝,반
30,傍,곁,방
30,邦,나라,방
30,倣,본뜰,방
30,杯,잔,배
30,煩,번거로울,번
30,飜,번역할,번
30,辨,분별할,변
30,竝,나란히,병
30,屛,병풍,병
30,卜,점,복
30,蜂,벌,봉
30,赴,다다를[趨而至]/갈[趨],부
30,墳,무덤,분
30,崩,무너질,붕
30,朋,벗,붕
30,賓,손,빈
30,頻,자주,빈
30,聘,부를,빙
30,似,닮을,사
30,巳,뱀,사
30,捨,버릴,사
30,詐,속일,사
30,斯,이,사
30,賜,줄,사
30,朔,초하루,삭
30,嘗,맛볼,상
30,祥,상서,상
30,逝,갈[往],서
30,暑,더울,서
30,誓,맹세할,서
30,庶,여러,서
30,敍,펼,서
30,昔,예[古],석
30,析,쪼갤,석
30,涉,건널,섭
30,攝,다스릴/잡을,섭
30,蔬,나물,소
30,騷,떠들,소
30,昭,밝을,소
30,召,부를,소
30,粟,조,속
30,誦,욀,송
30,囚,가둘,수
30,誰,누구,수
30,遂,드디어,수
30,須,모름지기,수
30,雖,비록,수
30,睡,졸음,수
30,搜,찾을,수
30,孰,누구,숙
30,循,돌[環],순
30,殉,따라죽을,순
30,脣,입술,순
30,戌,개,술
30,矢,화살,시
30,辛,매울,신
30,晨,새벽,신
30,伸,펼,신
30,尋,찾을,심
30,餓,주릴,아
30,岳,큰산,악
30,雁,기러기,안
30,謁,뵐,알
30,押,누를,압
30,殃,재앙,앙
30,涯,물가,애
30,厄,액,액
30,耶,어조사,야
30,也,이끼/어조사,야
30,躍,뛸,약
30,楊,버들,양
30,於,어조사,어
30,焉,어찌,언
30,余,나,여
30,予,나,여
30,汝,너,여
30,輿,수레,여
30,閱,볼[覽],열
30,詠,읊을,영
30,泳,헤엄칠,영
30,銳,날카로울,예
30,傲,거만할,오
30,吾,나,오
30,汚,더러울,오
30,嗚,슬플,오
30,娛,즐길,오
30,擁,낄,옹
30,翁,늙은이,옹
30,臥,누울,와
30,曰,가로,왈
30,畏,두려워할,외
30,遙,멀,요
30,腰,허리,요
30,搖,흔들,요
30,庸,떳떳할,용
30,尤,더욱,우
30,又,또,우
30,于,어조사,우
30,云,이를,운
30,緯,씨,위
30,違,어긋날,위
30,愈,나을,유
30,酉,닭,유
30,惟,생각할,유
30,唯,오직,유
30,閏,윤달,윤
30,吟,읊을,음
30,泣,울,읍
30,凝,엉길,응
30,宜,마땅,의
30,矣,어조사,의
30,而,말이을,이
30,夷,오랑캐,이
30,寅,범[虎]/동방,인
30,姻,혼인,인
30,恣,마음대로/방자할,자
30,玆,이,자
30,爵,벼슬,작
30,酌,술부을/잔질할,작
30,墻,담,장
30,哉,어조사,재
30,宰,재상,재
30,滴,물방울,적
30,竊,훔칠,절
30,蝶,나비,접
30,訂,바로잡을,정
30,堤,둑,제
30,燥,마를,조
30,弔,조상할,조
30,拙,졸할,졸
30,佐,도울,좌
30,舟,배,주
30,遵,좇을,준
30,俊,준걸,준
30,贈,줄[送],증
30,只,다만,지
30,遲,더딜/늦을,지
30,姪,조카,질
30,懲,징계할,징
30,且,또,차
30,捉,잡을,착
30,慙,부끄러울,참
30,慘,참혹할,참
30,暢,화창할,창
30,斥,물리칠,척
30,薦,천거할,천
30,添,더할,첨
30,尖,뾰족할,첨
30,妾,첩,첩
30,晴,갤,청
30,遞,갈릴,체
30,替,바꿀,체
30,逮,잡을,체
30,秒,분초,초
30,抄,뽑을,초
30,燭,촛불,촉
30,聰,귀밝을,총
30,抽,뽑을,추
30,醜,추할,추
30,丑,소,축
30,逐,쫓을,축
30,臭,냄새,취
30,枕,베개,침
30,墮,떨어질,타
30,妥,온당할,타
30,托,맡길,탁
30,濯,씻을,탁
30,濁,흐릴,탁
30,誕,낳을/거짓,탄
30,貪,탐낼,탐
30,怠,게으를,태
30,罷,마칠,파
30,播,뿌릴,파
30,頗,자못,파
30,把,잡을,파
30,販,팔[賣],판
30,貝,조개,패
30,遍,두루,편
30,蔽,덮을,폐
30,幣,화폐,폐
30,飽,배부를,포
30,抱,안을,포
30,幅,폭,폭
30,漂,떠다닐,표
30,匹,짝,필
30,旱,가물,한
30,咸,다,함
30,巷,거리,항
30,該,갖출[備]/마땅[當],해
30,亥,돼지,해
30,奚,어찌,해
30,享,누릴,향
30,軒,집,헌
30,縣,고을,현
30,絃,줄,현
30,嫌,싫어할,혐
30,螢,반딧불,형
30,亨,형통할,형
30,兮,어조사,혜
30,互,서로,호
30,乎,어조사,호
30,毫,터럭,호
30,昏,어두울,혼
30,鴻,기러기,홍
30,弘,클,홍
30,禾,벼,화
30,穫,거둘,확
30,擴,넓힐,확
30,丸,둥글,환
30,曉,새벽,효
30,侯,제후,후
30,毁,헐,훼
30,輝,빛날,휘
30,携,이끌,휴
32,架,시렁,가
32,佳,아름다울,가
32,脚,다리,각
32,閣,집,각
32,肝,간,간
32,懇,간절할,간
32,刊,새길,간
32,幹,줄기,간
32,鑑,거울,감
32,鋼,강철,강
32,剛,굳셀,강
32,綱,벼리,강
32,介,낄,개
32,槪,대개,개
32,蓋,덮을,개
32,距,상거(相距)할,거
32,乾,하늘/마를,건
32,劍,칼,검
32,隔,사이뜰,격
32,訣,이별할,결
32,謙,겸손할,겸
32,兼,겸할,겸
32,硬,굳을,경
32,耕,밭갈[犁田],경
32,頃,이랑/잠깐,경
32,徑,지름길/길,경
32,桂,계수나무,계
32,械,기계,계
32,契,맺을,계
32,溪,시내,계
32,啓,열,계
32,鼓,북,고
32,姑,시어미,고
32,稿,원고/볏짚,고
32,谷,골,곡
32,哭,울,곡
32,恭,공손할,공
32,恐,두려울,공
32,貢,바칠,공
32,供,이바지할,공
32,誇,자랑할,과
32,寡,적을,과
32,冠,갓,관
32,貫,꿸,관
32,寬,너그러울,관
32,慣,익숙할,관
32,館,집,관
32,狂,미칠,광
32,怪,괴이할,괴
32,壞,무너질,괴
32,較,견줄/비교할,교
32,巧,공교할,교
32,丘,언덕,구
32,久,오랠,구
32,拘,잡을,구
32,菊,국화,국
32,弓,활,궁
32,拳,주먹,권
32,鬼,귀신,귀
32,菌,버섯,균
32,克,이길,극
32,琴,거문고,금
32,錦,비단,금
32,禽,새,금
32,及,미칠,급
32,畿,경기(京畿),기
32,其,그,기
32,企,꾀할,기
32,騎,말탈,기
32,祈,빌,기
32,緊,긴할,긴
32,諾,허락할,낙
32,娘,계집,낭
32,耐,견딜,내
32,寧,편안,녕
32,奴,종,노
32,腦,골/뇌수,뇌
32,泥,진흙,니
32,茶,차,다
32,但,다만,단
32,丹,붉을,단
32,旦,아침,단
32,淡,맑을,담
32,踏,밟을,답
32,唐,당나라/당황할,당
32,糖,엿,당
32,臺,대,대
32,貸,빌릴/뀔,대
32,渡,건널,도
32,途,길[行中],도
32,倒,넘어질,도
32,桃,복숭아,도
32,陶,질그릇,도
32,刀,칼,도
32,突,갑자기,돌
32,凍,얼,동
32,絡,이을/얽을,락
32,欄,난간,란
32,蘭,난초,란
32,浪,물결,랑
32,郞,사내,랑
32,廊,사랑채/행랑,랑
32,梁,들보/돌다리,량
32,涼,서늘할,량
32,勵,힘쓸,려
32,曆,책력,력
32,戀,그리워할/그릴,련
32,鍊,쇠불릴/단련할,련
32,蓮,연꽃,련
32,聯,연이을,련
32,裂,찢어질,렬
32,嶺,고개,령
32,靈,신령,령
32,露,이슬,로
32,爐,화로,로
32,祿,녹,록
32,弄,희롱할,롱
32,雷,우레,뢰
32,賴,의뢰할,뢰
32,樓,다락,루
32,漏,샐,루
32,累,여러/자주,루
32,倫,인륜,륜
32,栗,밤,률
32,率,비율,률
32,隆,높을,륭
32,陵,언덕,릉
32,履,밟을,리
32,吏,벼슬아치/관리,리
32,裏,속,리
32,臨,임할,림
32,磨,갈,마
32,麻,삼,마
32,漠,넓을,막
32,莫,없을,막
32,幕,장막,막
32,晩,늦을,만
32,妄,망령될,망
32,梅,매화,매
32,媒,중매,매
32,麥,보리,맥
32,孟,맏,맹
32,盟,맹세,맹
32,猛,사나울,맹
32,盲,소경/눈멀,맹
32,免,면할,면
32,綿,솜,면
32,眠,잘,면
32,滅,꺼질/멸할,멸
32,銘,새길,명
32,慕,그릴,모
32,謀,꾀,모
32,貌,모양,모
32,睦,화목할,목
32,沒,빠질,몰
32,夢,꿈,몽
32,蒙,어두울,몽
32,茂,무성할,무
32,貿,무역할,무
32,墨,먹,묵
32,默,잠잠할,묵
32,紋,무늬,문
32,勿,말[禁],물
32,尾,꼬리,미
32,微,작을,미
32,薄,엷을,박
32,迫,핍박할,박
32,般,가지/일반,반
32,飯,밥,반
32,盤,소반,반
32,拔,뽑을,발
32,芳,꽃다울,방
32,輩,무리,배
32,排,밀칠,배
32,培,북돋울,배
32,伯,맏,백
32,繁,번성할,번
32,凡,무릇,범
32,碧,푸를,벽
32,丙,남녘,병
32,補,기울,보
32,譜,족보,보
32,覆,덮을,복
32,腹,배,복
32,逢,만날,봉
32,鳳,봉새,봉
32,峯,봉우리,봉
32,封,봉할,봉
32,扶,도울,부
32,浮,뜰,부
32,簿,문서,부
32,賦,부세,부
32,付,부칠,부
32,符,부호,부
32,附,붙을,부
32,腐,썩을,부
32,奔,달릴,분
32,奮,떨칠,분
32,紛,어지러울,분
32,拂,떨칠,불
32,婢,계집종,비
32,卑,낮을,비
32,肥,살찔,비
32,妃,왕비,비
32,邪,간사할,사
32,蛇,긴뱀,사
32,詞,말/글,사
32,司,맡을,사
32,沙,모래,사
32,斜,비낄,사
32,祀,제사,사
32,削,깎을,삭
32,森,수풀,삼
32,償,갚을,상
32,像,모양,상
32,桑,뽕나무,상
32,霜,서리,상
32,尙,오히려,상
32,喪,잃을,상
32,詳,자세할,상
32,裳,치마,상
32,塞,막힐,색
32,索,찾을,색
32,署,마을[官廳],서
32,緖,실마리,서
32,恕,용서할,서
32,徐,천천할,서
32,惜,아낄,석
32,釋,풀,석
32,旋,돌[廻],선
32,禪,선,선
32,蘇,되살아날,소
32,燒,사를,소
32,疏,소통할,소
32,訴,호소할,소
32,訟,송사할,송
32,鎖,쇠사슬,쇄
32,刷,인쇄할,쇄
32,衰,쇠할,쇠
32,愁,근심,수
32,殊,다를,수
32,垂,드리울,수
32,隨,따를,수
32,壽,목숨,수
32,輸,보낼,수
32,需,쓰일/쓸,수
32,帥,장수,수
32,獸,짐승,수
32,淑,맑을,숙
32,熟,익을,숙
32,瞬,눈깜짝일,순
32,巡,돌[廻]/순행할,순
32,旬,열흘,순
32,述,펼,술
32,襲,엄습할,습
32,濕,젖을,습
32,拾,주울,습
32,昇,오를,승
32,僧,중,승
32,乘,탈,승
32,侍,모실,시
32,飾,꾸밀,식
32,愼,삼갈,신
32,審,살필,심
32,甚,심할,심
32,雙,두/쌍,쌍
32,我,나,아
32,雅,맑을,아
32,亞,버금,아
32,芽,싹,아
32,牙,어금니,아
32,阿,언덕,아
32,顔,낯,안
32,岸,언덕,안
32,巖,바위,암
32,央,가운데,앙
32,仰,우러를,앙
32,哀,슬플,애
32,若,같을,약
32,揚,날릴,양
32,讓,사양할,양
32,壤,흙덩이,양
32,御,거느릴,어
32,抑,누를,억
32,憶,생각할,억
32,亦,또,역
32,譯,번역할,역
32,役,부릴,역
32,驛,역,역
32,疫,전염병,역
32,沿,물따라갈/따를,연
32,軟,연할,연
32,宴,잔치,연
32,燕,제비,연
32,悅,기쁠,열
32,染,물들,염
32,炎,불꽃,염
32,鹽,소금,염
32,影,그림자,영
32,譽,기릴/명예,예
32,烏,까마귀,오
32,悟,깨달을,오
32,獄,옥[囚舍],옥
32,瓦,기와,와
32,緩,느릴,완
32,辱,욕될,욕
32,慾,욕심,욕
32,欲,하고자할,욕
32,憂,근심,우
32,羽,깃,우
32,愚,어리석을,우
32,宇,집,우
32,偶,짝,우
32,韻,운,운
32,越,넘을,월
32,僞,거짓,위
32,胃,밥통,위
32,謂,이를,위
32,幽,그윽할,유
32,誘,꾈,유
32,裕,넉넉할,유
32,悠,멀,유
32,維,벼리,유
32,柔,부드러울,유
32,幼,어릴,유
32,猶,오히려,유
32,潤,불을,윤
32,乙,새,을
32,淫,음란할,음
32,已,이미,이
32,翼,날개,익
32,忍,참을,인
32,逸,편안할,일
32,壬,북방,임
32,賃,품삯,임
32,慈,사랑,자
32,紫,자줏빛,자
32,刺,찌를,자
32,潛,잠길,잠
32,暫,잠깐,잠
32,藏,감출,장
32,粧,단장할,장
32,掌,손바닥,장
32,莊,씩씩할,장
32,丈,어른,장
32,臟,오장,장
32,葬,장사지낼,장
32,載,실을,재
32,栽,심을,재
32,裁,옷마를,재
32,著,나타날,저
32,抵,막을[抗],저
32,寂,고요할,적
32,摘,딸[手收],적
32,跡,발자취,적
32,蹟,자취,적
32,笛,피리,적
32,殿,전각,전
32,漸,점점,점
32,貞,곧을,정
32,淨,깨끗할,정
32,井,우물,정
32,頂,정수리,정
32,亭,정자,정
32,廷,조정,정
32,征,칠,정
32,齊,가지런할,제
32,諸,모두,제
32,照,비칠,조
32,兆,억조,조
32,租,조세,조
32,縱,세로,종
32,坐,앉을,좌
32,珠,구슬,주
32,株,그루,주
32,柱,기둥,주
32,洲,물가,주
32,鑄,쇠불릴,주
32,奏,아뢸,주
32,宙,집,주
32,仲,버금,중
32,卽,곧,즉
32,憎,미울,증
32,曾,일찍,증
32,症,증세,증
32,蒸,찔,증
32,枝,가지,지
32,之,갈,지
32,池,못,지
32,振,떨칠,진
32,陳,베풀,진
32,辰,별,진
32,震,우레,진
32,鎭,진압할,진
32,疾,병,질
32,秩,차례,질
32,執,잡을,집
32,徵,부를,징
32,借,빌/빌릴,차
32,此,이,차
32,錯,어긋날,착
32,贊,도울,찬
32,倉,곳집,창
32,昌,창성할,창
32,蒼,푸를,창
32,菜,나물,채
32,債,빚,채
32,彩,채색,채
32,策,꾀,책
32,妻,아내,처
32,拓,넓힐,척
32,尺,자,척
32,戚,친척,척
32,踐,밟을,천
32,淺,얕을,천
32,遷,옮길,천
32,賤,천할,천
32,哲,밝을,철
32,徹,통할,철
32,滯,막힐,체
32,肖,닮을/같을,초
32,超,뛰어넘을,초
32,礎,주춧돌,초
32,觸,닿을,촉
32,促,재촉할,촉
32,催,재촉할,최
32,追,쫓을/따를,추
32,畜,짐승,축
32,衝,찌를,충
32,吹,불,취
32,醉,취할,취
32,側,곁,측
32,値,값,치
32,恥,부끄러울,치
32,稚,어릴,치
32,漆,옻,칠
32,沈,잠길,침
32,浸,잠길,침
32,奪,빼앗을,탈
32,塔,탑,탑
32,湯,끓을,탕
32,殆,거의,태
32,泰,클,태
32,澤,못,택
32,兔,토끼,토
32,吐,토할,토
32,透,사무칠,투
32,版,판목,판
32,編,엮을,편
32,片,조각,편
32,偏,치우칠,편
32,弊,폐단/해질,폐
32,廢,폐할/버릴,폐
32,肺,허파,폐
32,浦,개[水邊],포
32,捕,잡을,포
32,楓,단풍,풍
32,皮,가죽,피
32,被,입을,피
32,彼,저,피
32,畢,마칠,필
32,荷,멜,하
32,何,어찌,하
32,賀,하례할,하
32,鶴,학,학
32,汗,땀,한
32,割,벨,할
32,含,머금을,함
32,陷,빠질,함
32,項,항목,항
32,恒,항상,항
32,響,울릴,향
32,獻,드릴,헌
32,玄,검을,현
32,懸,달[繫],현
32,穴,굴,혈
32,脅,위협할,협
32,衡,저울대,형
32,慧,슬기로울,혜
32,浩,넓을,호
32,胡,되[狄],호
32,虎,범,호
32,豪,호걸,호
32,惑,미혹할,혹
32,魂,넋,혼
32,忽,갑자기,홀
32,洪,넓을,홍
32,禍,재앙,화
32,還,돌아올,환
32,換,바꿀,환
32,荒,거칠,황
32,皇,임금,황
32,悔,뉘우칠,회
32,懷,품을,회
32,劃,그을,획
32,獲,얻을,획
32,橫,가로,횡
32,胸,가슴,흉
32,戲,놀이,희
32,稀,드물,희
40,暇,틈/겨를,가
40,覺,깨달을,각
40,刻,새길,각
40,簡,대쪽/간략할,간
40,干,방패,간
40,看,볼,간
40,敢,감히/구태여,감
40,甘,달,감
40,甲,갑옷,갑
40,降,내릴,강
40,據,근거,거
40,拒,막을,거
40,居,살,거
40,巨,클,거
40,傑,뛰어날,걸
40,儉,검소할,검
40,激,격할,격
40,擊,칠[打],격
40,犬,개,견
40,堅,굳을,견
40,鏡,거울,경
40,更,고칠,경
40,傾,기울,경
40,驚,놀랄,경
40,戒,경계할,계
40,季,계절,계
40,鷄,닭,계
40,階,섬돌,계
40,系,이어맬,계
40,繼,이을,계
40,庫,곳집,고
40,孤,외로울,고
40,穀,곡식,곡
40,困,곤할,곤
40,骨,뼈,골
40,孔,구멍,공
40,攻,칠[擊],공
40,管,대롱/주관할,관
40,鑛,쇳돌,광
40,構,얽을,구
40,群,무리,군
40,君,임금,군
40,屈,굽힐,굴
40,窮,다할/궁할,궁
40,勸,권할,권
40,券,문서,권
40,卷,책,권
40,歸,돌아갈,귀
40,均,고를,균
40,劇,심할,극
40,勤,부지런할,근
40,筋,힘줄,근
40,奇,기특할,기
40,紀,벼리,기
40,寄,부칠,기
40,機,틀,기
40,納,들일,납
40,段,층계,단
40,盜,도둑,도
40,逃,도망할,도
40,徒,무리,도
40,卵,알,란
40,亂,어지러울,란
40,覽,볼,람
40,略,간략할/약할,략
40,糧,양식,량
40,慮,생각할,려
40,烈,매울,렬
40,龍,용,룡
40,柳,버들,류
40,輪,바퀴,륜
40,離,떠날,리
40,妹,누이,매
40,勉,힘쓸,면
40,鳴,울,명
40,模,본뜰,모
40,妙,묘할,묘
40,墓,무덤,묘
40,舞,춤출,무
40,拍,칠,박
40,髮,터럭,발
40,妨,방해할,방
40,犯,범할,범
40,範,법,범
40,辯,말씀,변
40,普,넓을,보
40,複,겹칠,복
40,伏,엎드릴,복
40,否,아닐,부
40,負,질[荷],부
40,粉,가루,분
40,憤,분할,분
40,碑,비석,비
40,批,비평할,비
40,祕,숨길,비
40,辭,말씀,사
40,私,사사(私事),사
40,絲,실,사
40,射,쏠,사
40,散,흩을,산
40,傷,다칠,상
40,象,코끼리,상
40,宣,베풀,선
40,舌,혀,설
40,屬,붙일,속
40,損,덜,손
40,頌,기릴/칭송할,송
40,松,소나무,송
40,秀,빼어날,수
40,叔,아재비,숙
40,肅,엄숙할,숙
40,崇,높을,숭
40,氏,각시/성씨(姓氏),씨
40,額,이마,액
40,樣,모양,양
40,嚴,엄할,엄
40,與,더불/줄,여
40,易,바꿀,역
40,域,지경,역
40,鉛,납,연
40,延,늘일,연
40,緣,인연,연
40,燃,탈,연
40,營,경영할,영
40,迎,맞을,영
40,映,비칠,영
40,豫,미리,예
40,優,넉넉할,우
40,遇,만날,우
40,郵,우편,우
40,源,근원,원
40,援,도울,원
40,怨,원망할,원
40,委,맡길,위
40,圍,에워쌀,위
40,慰,위로할,위
40,威,위엄,위
40,危,위태할,위
40,遺,남길,유
40,遊,놀,유
40,儒,선비,유
40,乳,젖,유
40,隱,숨을,은
40,儀,거동,의
40,疑,의심할,의
40,依,의지할,의
40,異,다를,이
40,仁,어질,인
40,姿,모양,자
40,姉,손윗누이,자
40,資,재물,자
40,殘,남을,잔
40,雜,섞일,잡
40,裝,꾸밀,장
40,張,베풀,장
40,獎,장려할,장
40,帳,장막,장
40,壯,장할,장
40,腸,창자,장
40,底,밑,저
40,績,길쌈,적
40,賊,도둑,적
40,適,맞을,적
40,籍,문서,적
40,積,쌓을,적
40,轉,구를,전
40,錢,돈,전
40,專,오로지,전
40,折,꺾을,절
40,點,점,점
40,占,점령할,점
40,整,가지런할,정
40,丁,고무래/장정,정
40,靜,고요할,정
40,帝,임금,제
40,條,가지,조
40,潮,밀물/조수,조
40,組,짤,조
40,存,있을,존
40,鍾,쇠북,종
40,從,좇을,종
40,座,자리,좌
40,周,두루,주
40,朱,붉을,주
40,酒,술,주
40,證,증거,증
40,持,가질,지
40,誌,기록할,지
40,智,슬기/지혜,지
40,織,짤,직
40,盡,다할,진
40,珍,보배,진
40,陣,진칠,진
40,差,다를,차
40,讚,기릴,찬
40,採,캘,채
40,冊,책,책
40,泉,샘,천
40,廳,관청,청
40,聽,들을,청
40,招,부를,초
40,推,밀,추
40,縮,줄일,축
40,就,나아갈,취
40,趣,뜻,취
40,層,층[層階],층
40,針,바늘,침
40,寢,잘,침
40,稱,일컬을,칭
40,歎,탄식할,탄
40,彈,탄알,탄
40,脫,벗을,탈
40,探,찾을,탐
40,擇,가릴,택
40,討,칠,토
40,痛,아플,통
40,投,던질,투
40,鬪,싸움,투
40,派,갈래,파
40,判,판단할,판
40,篇,책,편
40,評,평할,평
40,閉,닫을,폐
40,胞,세포,포
40,爆,불터질,폭
40,標,표할,표
40,疲,피곤할,피
40,避,피할,피
40,恨,한[怨],한
40,閑,한가할,한
40,抗,겨룰,항
40,核,씨,핵
40,憲,법,헌
40,險,험할,험
40,革,가죽,혁
40,顯,나타날,현
40,刑,형벌,형
40,或,혹,혹
40,混,섞을,혼
40,婚,혼인할,혼
40,紅,붉을,홍
40,華,빛날,화
40,環,고리,환
40,歡,기쁠,환
40,況,상황,황
40,灰,재,회
40,候,기후,후
40,厚,두터울,후
40,揮,휘두를,휘
40,喜,기쁠,희
42,街,거리,가
42,假,거짓,가
42,減,덜,감
42,監,볼,감
42,講,욀,강
42,康,편안,강
42,個,낱,개
42,檢,검사할,검
42,潔,깨끗할,결
42,缺,이지러질,결
42,慶,경사,경
42,警,깨우칠,경
42,境,지경,경
42,經,지날/글,경
42,係,맬,계
42,故,연고,고
42,官,벼슬,관
42,求,구할[索],구
42,句,글귀,구
42,究,연구할,구
42,宮,집,궁
42,權,권세,권
42,極,다할/극진할,극
42,禁,금할,금
42,器,그릇,기
42,起,일어날,기
42,暖,따뜻할,난
42,難,어려울,난
42,怒,성낼,노
42,努,힘쓸,노
42,斷,끊을,단
42,端,끝,단
42,檀,박달나무,단
42,單,홑,단
42,達,통달할,달
42,擔,멜,담
42,黨,무리,당
42,帶,띠,대
42,隊,무리,대
42,導,인도할,도
42,督,감독할,독
42,毒,독,독
42,銅,구리,동
42,斗,말,두
42,豆,콩,두
42,得,얻을,득
42,燈,등,등
42,羅,벌릴,라
42,兩,두,량
42,麗,고울,려
42,連,이을,련
42,列,벌릴,렬
42,錄,기록할,록
42,論,논할,론
42,留,머무를,류
42,律,법칙,률
42,滿,찰,만
42,脈,줄기,맥
42,毛,터럭,모
42,牧,칠[養],목
42,武,호반,무
42,務,힘쓸,무
42,味,맛,미
42,未,아닐,미
42,密,빽빽할,밀
42,博,넓을,박
42,防,막을,방
42,房,방,방
42,訪,찾을,방
42,配,나눌/짝,배
42,背,등,배
42,拜,절,배
42,罰,벌할,벌
42,伐,칠[討],벌
42,壁,벽,벽
42,邊,가[側],변
42,報,갚을/알릴,보
42,步,걸음,보
42,寶,보배,보
42,保,지킬,보
42,復,회복할,복
42,府,마을[官廳],부
42,婦,며느리,부
42,副,버금,부
42,富,부자,부
42,佛,부처,불
42,備,갖출,비
42,飛,날,비
42,悲,슬플,비
42,非,아닐,비
42,貧,가난할,빈
42,謝,사례할,사
42,師,스승,사
42,寺,절,사
42,舍,집,사
42,殺,죽일,살
42,常,떳떳할,상
42,床,상,상
42,想,생각,상
42,狀,형상,상
42,設,베풀,설
42,星,별,성
42,聖,성인,성
42,盛,성할,성
42,聲,소리,성
42,城,재,성
42,誠,정성,성
42,細,가늘,세
42,稅,세금,세
42,勢,형세,세
42,素,본디/흴[白],소
42,掃,쓸[掃除],소
42,笑,웃음,소
42,續,이을,속
42,俗,풍속,속
42,送,보낼,송
42,收,거둘,수
42,修,닦을,수
42,受,받을,수
42,授,줄,수
42,守,지킬,수
42,純,순수할,순
42,承,이을,승
42,施,베풀,시
42,視,볼,시
42,詩,시,시
42,試,시험,시
42,是,이[斯]/옳을,시
42,息,쉴,식
42,申,납[猿],신
42,深,깊을,심
42,眼,눈,안
42,暗,어두울,암
42,壓,누를,압
42,液,진,액
42,羊,양,양
42,如,같을,여
42,餘,남을,여
42,逆,거스릴,역
42,硏,갈,연
42,煙,연기,연
42,演,펼,연
42,榮,영화,영
42,藝,재주,예
42,誤,그르칠,오
42,玉,구슬,옥
42,往,갈,왕
42,謠,노래,요
42,容,얼굴,용
42,圓,둥글,원
42,員,인원,원
42,衛,지킬,위
42,爲,하/할,위
42,肉,고기,육
42,恩,은혜,은
42,陰,그늘,음
42,應,응할,응
42,義,옳을,의
42,議,의논할,의
42,移,옮길,이
42,益,더할,익
42,引,끌,인
42,印,도장,인
42,認,알[知],인
42,障,막을,장
42,將,장수,장
42,低,낮을,저
42,敵,대적할,적
42,田,밭,전
42,絶,끊을,절
42,接,이을,접
42,政,정사(政事),정
42,精,정할,정
42,程,한도/길[道],정
42,濟,건널,제
42,提,끌,제
42,除,덜,제
42,制,절제할,제
42,祭,제사,제
42,際,즈음/가[邊],제
42,製,지을,제
42,助,도울,조
42,鳥,새,조
42,早,이를,조
42,造,지을,조
42,尊,높을,존
42,宗,마루,종
42,走,달릴,주
42,竹,대,죽
42,準,준할,준
42,衆,무리,중
42,增,더할,증
42,指,가리킬,지
42,志,뜻,지
42,至,이를,지
42,支,지탱할,지
42,職,직분,직
42,進,나아갈,진
42,眞,참,진
42,次,버금,차
42,察,살필,찰
42,創,비롯할,창
42,處,곳,처
42,請,청할,청
42,總,다[皆],총
42,銃,총,총
42,蓄,모을,축
42,築,쌓을,축
42,蟲,벌레,충
42,忠,충성,충
42,取,가질,취
42,測,헤아릴,측
42,治,다스릴,치
42,置,둘[措],치
42,齒,이,치
42,侵,침노할,침
42,快,쾌할,쾌
42,態,모습,태
42,統,거느릴,통
42,退,물러날,퇴
42,破,깨뜨릴,파
42,波,물결,파
42,砲,대포,포
42,布,베/펼,포
42,包,쌀[裹],포
42,暴,사나울,폭
42,票,표,표
42,豊,풍년,풍
42,限,한할,한
42,航,배,항
42,港,항구,항
42,解,풀,해
42,鄕,시골,향
42,香,향기,향
42,虛,빌,허
42,驗,시험,험
42,賢,어질,현
42,血,피,혈
42,協,화할,협
42,惠,은혜,혜
42,護,도울,호
42,呼,부를,호
42,好,좋을,호
42,戶,집,호
42,貨,재물,화
42,確,굳을,확
42,回,돌아올,회
42,吸,마실,흡
42,興,일[盛],흥
42,希,바랄,희
50,加,더할,가
50,可,옳을,가
50,改,고칠,개
50,去,갈,거
50,擧,들,거
50,健,굳셀,건
50,件,물건,건
50,建,세울,건
50,輕,가벼울,경
50,競,다툴,경
50,景,볕,경
50,固,굳을,고
50,考,생각할,고
50,曲,굽을,곡
50,橋,다리,교
50,救,구원할,구
50,貴,귀할,귀
50,規,법,규
50,給,줄,급
50,期,기약할,기
50,汽,물끓는김,기
50,技,재주,기
50,吉,길할,길
50,壇,단,단
50,談,말씀,담
50,都,도읍,도
50,島,섬,도
50,落,떨어질,락
50,冷,찰,랭
50,量,헤아릴,량
50,領,거느릴,령
50,令,하여금,령
50,料,헤아릴,료
50,馬,말,마
50,末,끝,말
50,亡,망할,망
50,買,살,매
50,賣,팔,매
50,無,없을,무
50,倍,곱,배
50,比,견줄,비
50,費,쓸,비
50,鼻,코,비
50,氷,얼음,빙
50,寫,베낄,사
50,思,생각,사
50,査,조사할,사
50,賞,상줄,상
50,序,차례,서
50,選,가릴,선
50,船,배,선
50,善,착할,선
50,示,보일,시
50,案,책상,안
50,魚,고기/물고기,어
50,漁,고기잡을,어
50,億,억[數字],억
50,熱,더울,열
50,葉,잎,엽
50,屋,집,옥
50,完,완전할,완
50,曜,빛날요:,요
50,浴,목욕할,욕
50,牛,소,우
50,雄,수컷,웅
50,原,언덕,원
50,願,원할,원
50,院,집,원
50,位,자리,위
50,耳,귀,이
50,因,인할,인
50,再,두,재
50,災,재앙,재
50,爭,다툴,쟁
50,貯,쌓을,저
50,赤,붉을,적
50,停,머무를,정
50,操,잡을,조
50,終,마칠,종
50,罪,허물,죄
50,止,그칠,지
50,唱,부를,창
50,鐵,쇠,철
50,初,처음,초
50,最,가장,최
50,祝,빌,축
50,致,이를,치
50,則,법칙,칙
50,他,다를,타
50,打,칠,타
50,卓,높을,탁
50,炭,숯,탄
50,板,널,판
50,敗,패할,패
50,河,물,하
50,寒,찰,한
50,許,허락할,허
50,湖,호수,호
50,患,근심,환
50,黑,검을,흑
52,價,값,가
52,客,손,객
52,格,격식,격
52,見,볼,견
52,決,결단할,결
52,結,맺을,결
52,敬,공경,경
52,告,고할,고
52,課,공부할/과정,과
52,過,지날,과
52,關,관계할,관
52,觀,볼,관
52,廣,넓을,광
52,具,갖출,구
52,舊,예,구
52,局,판[形局],국
52,己,몸,기
52,基,터,기
52,念,생각,념
52,能,능할,능
52,團,둥글,단
52,當,마땅,당
52,德,큰,덕
52,到,이를,도
52,獨,홀로,독
52,朗,밝을,랑
52,良,어질,량
52,旅,나그네,려
52,歷,지날,력
52,練,익힐,련
52,勞,일할,로
52,類,무리,류
52,流,흐를,류
52,陸,뭍,륙
52,望,바랄,망
52,法,법,법
52,變,변할,변
52,兵,병사,병
52,福,복,복
52,奉,받들,봉
52,史,사기(史記),사
52,士,선비,사
52,仕,섬길,사
52,産,낳을,산
52,相,서로,상
52,商,장사,상
52,鮮,고울,선
52,仙,신선,선
52,說,말씀,설
52,性,성품,성
52,洗,씻을,세
52,歲,해,세
52,束,묶을,속
52,首,머리,수
52,宿,잘,숙
52,順,순할,순
52,識,알,식
52,臣,신하,신
52,實,열매,실
52,兒,아이,아
52,惡,악할,악
52,約,맺을,약
52,養,기를,양
52,要,요긴할,요
52,友,벗,우
52,雨,비,우
52,雲,구름,운
52,元,으뜸,원
52,偉,클,위
52,以,써,이
52,任,맡길,임
52,材,재목,재
52,財,재물,재
52,的,과녁,적
52,典,법,전
52,傳,전할,전
52,展,펼,전
52,切,끊을,절
52,節,마디,절
52,店,가게,점
52,情,뜻,정
52,調,고를,조
52,卒,마칠,졸
52,種,씨,종
52,州,고을,주
52,週,주일,주
52,知,알,지
52,質,바탕,질
52,着,붙을,착
52,參,참여할,참
52,責,꾸짖을,책
52,充,채울,충
52,宅,집,택
52,品,물건,품
52,必,반드시,필
52,筆,붓,필
52,害,해할,해
52,化,될,화
52,效,본받을,효
52,凶,흉할,흉
60,感,느낄,감
60,強,강할,강
60,開,열,개
60,京,서울,경
60,苦,쓸[味覺],고
60,古,예,고
60,交,사귈,교
60,區,구분할/지경,구
60,郡,고을,군
60,近,가까울,근
60,根,뿌리,근
60,級,등급,급
60,多,많을,다
60,待,기다릴,대
60,度,법도,도
60,頭,머리,두
60,例,법식,례
60,禮,예도,례
60,路,길,로
60,綠,푸를,록
60,李,오얏/성(姓),리
60,目,눈,목
60,米,쌀,미
60,美,아름다울,미
60,朴,성(姓),박
60,番,차례,번
60,別,다를/나눌,별
60,病,병,병
60,服,옷,복
60,本,근본,본
60,死,죽을,사
60,使,하여금/부릴,사
60,石,돌,석
60,席,자리,석
60,速,빠를,속
60,孫,손자,손
60,樹,나무,수
60,習,익힐,습
60,勝,이길,승
60,式,법,식
60,失,잃을,실
60,愛,사랑,애
60,野,들[坪],야
60,夜,밤,야
60,陽,볕,양
60,洋,큰바다,양
60,言,말씀,언
60,永,길,영
60,英,꽃부리,영
60,溫,따뜻할,온
60,園,동산,원
60,遠,멀,원
60,油,기름,유
60,由,말미암을,유
60,銀,은,은
60,衣,옷,의
60,醫,의원,의
60,者,놈,자
60,章,글,장
60,在,있을,재
60,定,정할,정
60,朝,아침,조
60,族,겨레,족
60,晝,낮,주
60,親,친할,친
60,太,클,태
60,通,통할,통
60,特,특별할,특
60,合,합할,합
60,行,다닐,행
60,向,향할,향
60,號,이름,호
60,畫,그림,화
60,黃,누를,황
60,訓,가르칠,훈
62,各,각각,각
62,角,뿔,각
62,計,셀,계
62,界,지경,계
62,高,높을,고
62,功,공[勳],공
62,公,공평할,공
62,共,한가지,공
62,科,과목,과
62,果,실과,과
62,光,빛,광
62,球,공,구
62,今,이제,금
62,急,급할,급
62,短,짧을,단
62,堂,집,당
62,代,대신할,대
62,對,대할,대
62,圖,그림,도
62,讀,읽을,독
62,童,아이,동
62,等,무리,등
62,樂,즐길,락
62,理,다스릴,리
62,利,이할,리
62,明,밝을,명
62,聞,들을,문
62,班,나눌,반
62,反,돌이킬/돌아올,반
62,半,반(半),반
62,發,필,발
62,放,놓을,방
62,部,떼,부
62,分,나눌,분
62,社,모일,사
62,書,글,서
62,線,줄,선
62,雪,눈,설
62,省,살필,성
62,成,이룰,성
62,消,사라질,소
62,術,재주,술
62,始,비로소,시
62,神,귀신,신
62,身,몸,신
62,信,믿을,신
62,新,새,신
62,藥,약,약
62,弱,약할,약
62,業,업,업
62,勇,날랠,용
62,用,쓸,용
62,運,옮길,운
62,飮,마실,음
62,音,소리,음
62,意,뜻,의
62,昨,어제,작
62,作,지을,작
62,才,재주,재
62,戰,싸움,전
62,庭,뜰,정
62,題,제목,제
62,第,차례,제
62,注,부을,주
62,集,모을,집
62,窓,창,창
62,淸,맑을,청
62,體,몸,체
62,表,겉,표
62,風,바람,풍
62,幸,다행,행
62,現,나타날,현
62,形,모양,형
62,和,화할,화
62,會,모일,회
70,歌,노래,가
70,口,입,구
70,旗,기,기
70,冬,겨울,동
70,洞,골,동
70,同,한가지,동
70,登,오를,등
70,來,올,래
70,老,늙을,로
70,里,마을,리
70,林,수풀,림
70,面,낯,면
70,命,목숨,명
70,文,글월,문
70,問,물을,문
70,百,일백,백
70,夫,지아비,부
70,算,셈,산
70,色,빛,색
70,夕,저녁,석
70,所,바,소
70,少,적을,소
70,數,셈,수
70,植,심을,식
70,心,마음,심
70,語,말씀,어
70,然,그럴,연
70,有,있을,유
70,育,기를,육
70,邑,고을,읍
70,入,들,입
70,字,글자,자
70,祖,할아비,조
70,住,살,주
70,主,임금/주인,주
70,重,무거울,중
70,地,따,지
70,紙,종이,지
70,川,내,천
70,千,일천,천
70,天,하늘,천
70,草,풀,초
70,村,마을,촌
70,秋,가을,추
70,春,봄,춘
70,出,날[生],출
70,便,편할,편
70,夏,여름,하
70,花,꽃,화
70,休,쉴,휴
72,家,집,가
72,間,사이,간
72,江,강,강
72,車,수레,거
72,空,빌,공
72,工,장인,공
72,記,기록할,기
72,氣,기운,기
72,男,사내,남
72,內,안,내
72,農,농사,농
72,答,대답,답
72,道,길,도
72,動,움직일,동
72,力,힘,력
72,立,설,립
72,每,매양,매
72,名,이름,명
72,物,물건,물
72,方,모[棱],방
72,不,아닐,불
72,事,일,사
72,上,윗,상
72,姓,성,성
72,世,인간,세
72,手,손,수
72,時,때,시
72,市,저자,시
72,食,밥/먹을,식
72,安,편안,안
72,午,낮,오
72,右,오를/오른(쪽),우
72,自,스스로,자
72,子,아들,자
72,場,마당,장
72,電,번개,전
72,前,앞,전
72,全,온전,전
72,正,바를,정
72,足,발,족
72,左,왼,좌
72,直,곧을,직
72,平,평평할,평
72,下,아래,하
72,漢,한수/한나라,한
72,海,바다,해
72,話,말씀,화
72,活,살,활
72,孝,효도,효
72,後,뒤,후
80,敎,가르칠,교
80,校,학교,교
80,九,아홉,구
80,國,나라,국
80,軍,군사,군
80,金,쇠,금
80,南,남녘,남
80,女,계집,녀
80,年,해,년
80,大,큰,대
80,東,동녘,동
80,六,여섯,륙
80,萬,일만,만
80,母,어미,모
80,木,나무,목
80,門,문,문
80,民,백성,민
80,白,흰,백
80,父,아비,부
80,北,북녘,북
80,四,넉,사
80,山,메,산
80,三,석,삼
80,生,날,생
80,西,서녘,서
80,先,먼저,선
80,小,작을,소
80,水,물,수
80,室,집,실
80,十,열,십
80,五,다섯,오
80,王,임금,왕
80,外,바깥,외
80,月,달,월
80,二,두,이
80,人,사람,인
80,日,날,일
80,一,한,일
80,長,긴,장
80,弟,아우,제
80,中,가운데,중
80,靑,푸를,청
80,寸,마디,촌
80,七,일곱,칠
80,土,흙,토
80,八,여덟,팔
80,學,배울,학
80,韓,한국/나라,한
80,兄,형,형
80,火,불,화